Cluster no	No	Hit	Prob	E-value	P-value	Score	SS	Cols	Query HMM	Template HMM
PPQ76078	1	PF17100.5 ; NACHT_N ; N-termin	98.0	1.5e-09	2.9e-13	89.8	0.0	134	102-238	79-226 (229)
PPQ76078	2	PF17109.5 ; Goodbye ; fungal S	96.6	2.5e-06	4.8e-10	62.2	0.0	73	100-172	50-123 (123)
PPQ76078	3	PF00931.22 ; NB-ARC ; NB-ARC d	96.5	4.8e-06	9.5e-10	65.5	0.0	65	293-359	3-73  (240)
PPQ76078	4	PF05621.11 ; TniB ; Bacterial	96.4	5.400000000000001e-06	1.1e-09	63.1	0.0	46	290-336	16-61  (191)
PPQ76078	5	PF01637.18 ; ATPase_2 ; ATPase	96.3	8.5e-06	1.7000000000000001e-09	62.6	0.0	43	290-336	4-46  (209)
PPQ76078	6	PF07693.14 ; KAP_NTPase ; KAP	96.2	1.3000000000000001e-05	2.6e-09	66.1	0.0	48	290-337	1-58  (307)
PPQ76078	7	PF00308.18 ; Bac_DnaA ; Bacter	96.1	1.8e-05	3.5e-09	61.2	0.0	46	287-335	13-58  (219)
PPQ76078	8	PF13191.6 ; AAA_16 ; AAA ATPas	95.9	2.7000000000000002e-05	5.4e-09	58.6	0.0	47	290-337	5-51  (189)
PPQ76078	9	PF06309.11 ; Torsin ; Torsin	95.9	2.8000000000000003e-05	5.4e-09	55.2	0.0	44	292-336	35-78  (126)
PPQ76078	10	PF07931.12 ; CPT ; Chloramphen	95.9	2.9999999999999997e-05	5.9e-09	57.5	0.0	26	311-336	2-27  (163)
XP_018696811	1	PF17100.5 ; NACHT_N ; N-termin	99.6	1e-19	1.9e-23	153.6	0.0	147	104-253	80-228 (229)
XP_018696811	2	PF17109.5 ; Goodbye ; fungal S	98.8	2.6e-13	4.7e-17	101.0	0.0	115	57-174	1-123 (123)
XP_018696811	3	PF01637.18 ; ATPase_2 ; ATPase	95.7	5e-05	9.3e-09	58.1	0.0	38	357-394	10-47  (209)
XP_018696811	4	PF05729.12 ; NACHT ; NACHT dom	95.6	5.9999999999999995e-05	1.1000000000000001e-08	55.4	0.0	28	368-395	1-28  (170)
XP_018696811	5	PF00931.22 ; NB-ARC ; NB-ARC d	95.5	8.7e-05	1.6e-08	57.9	0.0	37	357-393	6-44  (240)
XP_018696811	6	PF05621.11 ; TniB ; Bacterial	95.3	0.00011999999999999999	2.2999999999999998e-08	54.9	0.0	29	366-394	34-62  (191)
XP_018696811	7	PF13238.6 ; AAA_18 ; AAA domai	95.2	0.00015	2.7e-08	49.3	0.0	22	370-391	1-22  (108)
XP_018696811	8	PF13671.6 ; AAA_33 ; AAA domai	95.1	0.00016	3e-08	51.5	0.0	24	369-392	1-24  (142)
XP_018696811	9	PF07931.12 ; CPT ; Chloramphen	95.1	0.00018	3.3e-08	52.8	0.0	25	368-392	2-26  (163)
XP_018696811	10	PF18751.1 ; Ploopntkinase3 ; P	95.0	0.00018999999999999998	3.5e-08	54.0	0.0	26	367-392	3-28  (187)
OBZ65626	1	PF17111.5 ; Helo_like_N ; Fung	95.1	0.00016999999999999999	3e-08	50.8	0.0	128	71-211	13-145 (209)
OBZ65626	2	PF13191.6 ; AAA_16 ; AAA ATPas	95.0	0.00022	4e-08	48.5	0.0	35	259-295	5-40  (189)
OBZ65626	3	PF05621.11 ; TniB ; Bacterial	94.6	0.00039	6.900000000000001e-08	47.3	0.0	36	258-295	15-51  (191)
OBZ65626	4	PF00931.22 ; NB-ARC ; NB-ARC d	94.2	0.00063	1.1e-07	47.8	0.0	32	261-295	2-34  (240)
OBZ65626	5	PF01057.17 ; Parvo_NS1 ; Parvo	93.4	0.0014	2.4e-07	48.3	0.0	32	261-295	102-134 (284)
OBZ65626	6	PF17109.5 ; Goodbye ; fungal S	93.3	0.0015	2.7e-07	41.5	0.0	67	43-110	54-120 (123)
OBZ65626	7	PF10236.9 ; DAP3 ; Mitochondri	93.3	0.0016	2.8e-07	49.2	0.0	18	278-295	22-40  (322)
OBZ65626	8	PF07931.12 ; CPT ; Chloramphen	93.1	0.0018	3.1e-07	42.7	0.0	15	281-295	2-17  (163)
OBZ65626	9	PF13177.6 ; DNA_pol3_delta2 ;	93.0	0.0019	3.4e-07	48.0	0.0	33	259-295	2-35  (297)
OBZ65626	10	PF06414.12 ; Zeta_toxin ; Zeta	92.5	0.0028	4.9e-07	43.3	0.0	18	278-295	12-30  (196)
XP_024755941	1	PF17111.5 ; Helo_like_N ; Fung	99.4	2e-17	3.4e-21	112.5	0.0	170	7-179	1-177 (209)
XP_024755941	2	PF17107.5 ; SesA ; N-terminal	98.5	2.2e-11	3.9e-15	75.7	0.0	115	13-131	1-132 (133)
XP_024755941	3	PF14479.6 ; HeLo ; Prion-inhib	92.7	0.0025	4.3e-07	40.2	0.0	33	105-137	137-170 (199)
XP_024755941	4	PF00599.17 ; Flu_M2 ; Influenz	79.2	0.08900000000000001	1.6e-05	27.2	0.0	24	6-29	22-45  (97)
XP_016644109	1	PF01734.22 ; Patatin ; Patatin	99.6	2.0000000000000002e-20	4.2e-24	169.3	0.0	190	117-316	1-221 (221)
XP_016644109	2	PF01735.18 ; PLA2_B ; Lysophos	96.0	2e-05	4e-09	77.2	0.0	68	116-183	2-71  (488)
RDW63506	1	PF06985.11 ; HET ; Heterokaryo	99.8	5.499999999999999e-26	1.1e-29	157.1	0.0	116	55-173	1-127 (127)
PCD20839	1	PF17111.5 ; Helo_like_N ; Fung	99.6	2.8999999999999996e-21	5.0000000000000005e-25	123.2	0.0	176	2-181	1-177 (209)
PCD20839	2	PF17107.5 ; SesA ; N-terminal	98.6	6.2e-12	1.1e-15	73.3	0.0	119	8-131	1-132 (133)
PCD20839	3	PF00599.17 ; Flu_M2 ; Influenz	83.9	0.044000000000000004	7.699999999999999e-06	26.8	0.0	23	2-24	23-45  (97)
KZV64388	1	PF17111.5 ; Helo_like_N ; Fung	93.8	0.00086	1.8e-07	48.9	0.0	123	93-222	12-138 (209)
KZV64388	2	PF05659.11 ; RPW8 ; Arabidopsi	88.6	0.013999999999999999	2.6e-06	40.5	0.0	104	95-211	9-113 (140)
KZV64388	3	PF17107.5 ; SesA ; N-terminal	82.4	0.049	9.9e-06	36.0	0.0	75	101-176	10-86  (133)
KZP03196	1	PF17100.5 ; NACHT_N ; N-termin	97.8	6.8000000000000005e-09	1.2e-12	71.1	0.0	135	6-143	79-227 (229)
KZP03196	2	PF17109.5 ; Goodbye ; fungal S	96.4	6e-06	1e-09	49.9	0.0	71	5-75	51-122 (123)
KZP03196	3	PF00308.18 ; Bac_DnaA ; Bacter	95.1	0.00018999999999999998	3.3e-08	46.1	0.0	40	186-225	10-49  (219)
KZP03196	4	PF07693.14 ; KAP_NTPase ; KAP	94.5	0.00043	7.599999999999999e-08	47.1	0.0	34	192-225	1-47  (307)
KZP03196	5	PF13191.6 ; AAA_16 ; AAA ATPas	94.5	0.00047000000000000004	8.3e-08	43.0	0.0	34	192-225	5-40  (189)
KZP03196	6	PF01637.18 ; ATPase_2 ; ATPase	94.4	0.00049	8.5e-08	43.6	0.0	33	192-225	4-36  (209)
KZP03196	7	PF06309.11 ; Torsin ; Torsin	94.2	0.00067	1.2e-07	39.6	0.0	32	194-225	35-68  (126)
KZP03196	8	PF00931.22 ; NB-ARC ; NB-ARC d	94.1	0.0007	1.2e-07	43.7	0.0	31	195-225	3-34  (240)
KZP03196	9	PF05621.11 ; TniB ; Bacterial	93.4	0.0015	2.6e-07	40.6	0.0	35	191-225	15-51  (191)
KZP03196	10	PF13177.6 ; DNA_pol3_delta2 ;	92.4	0.003	5.3e-07	43.2	0.0	34	192-225	2-35  (297)
PMD18044	1	PF06985.11 ; HET ; Heterokaryo	99.6	4.1e-21	8.1e-25	119.5	0.0	83	53-138	1-84  (127)
CCO35737	1	PF17100.5 ; NACHT_N ; N-termin	94.9	0.00022	4.0999999999999997e-08	57.1	0.0	133	174-311	87-227 (229)
CCO35737	2	PF11618.8 ; C2-C2_1 ; First C2	91.6	0.0043	8.2e-07	44.4	0.0	87	33-121	9-109 (142)
CCO35737	3	PF17109.5 ; Goodbye ; fungal S	89.0	0.012	2.3e-06	41.1	0.0	63	174-237	60-122 (123)
RAL59829	1	PF17109.5 ; Goodbye ; fungal S	99.5	2e-19	3.8e-23	137.9	0.0	119	67-190	1-123 (123)
RAL59829	2	PF17100.5 ; NACHT_N ; N-termin	99.3	2.3e-16	4.4000000000000004e-20	133.4	0.0	136	117-257	78-226 (229)
OAQ78445	1	PF03096.14 ; Ndr ; Ndr family	98.7	1.6999999999999998e-12	3.1e-16	96.6	0.0	110	40-176	22-136 (283)
OAQ78445	2	PF12146.8 ; Hydrolase_4 ; Seri	98.6	3.6000000000000004e-12	6.900000000000001e-16	91.5	0.0	108	40-176	3-113 (239)
OAQ78445	3	PF06259.12 ; Abhydrolase_8 ; A	98.6	3.8e-12	7e-16	91.5	0.0	135	36-179	14-160 (190)
OAQ78445	4	PF05057.14 ; DUF676 ; Putative	98.6	3.9e-12	7.3e-16	93.1	0.0	125	39-180	3-143 (218)
OAQ78445	5	PF02129.18 ; Peptidase_S15 ; X	98.5	1.1999999999999999e-11	2.3e-15	90.1	0.0	114	39-178	16-129 (267)
OAQ78445	6	PF01083.22 ; Cutinase ; Cutina	98.5	1.4e-11	2.7e-15	89.6	0.0	129	40-180	4-142 (207)
OAQ78445	7	PF00975.20 ; Thioesterase ; Th	98.5	2.0000000000000002e-11	3.9e-15	86.1	0.0	106	42-177	1-106 (221)
OAQ78445	8	PF05990.12 ; DUF900 ; Alpha/be	98.4	2.5999999999999997e-11	4.8e-15	87.5	0.0	126	38-179	10-136 (213)
OAQ78445	9	PF02089.15 ; Palm_thioest ; Pa	98.4	4.4e-11	8.3e-15	89.1	0.0	106	43-178	1-111 (271)
OAQ78445	10	PF07819.13 ; PGAP1 ; PGAP1-lik	98.3	7.6e-11	1.3999999999999999e-14	85.2	0.0	117	40-179	3-137 (245)
CEL61586	1	PF17111.5 ; Helo_like_N ; Fung	92.5	0.0024	4.8e-07	45.6	0.0	118	97-214	7-135 (209)
CEL61586	2	PF17100.5 ; NACHT_N ; N-termin	88.5	0.013999999999999999	2.7000000000000004e-06	42.4	0.0	112	97-208	101-226 (229)
CEL61586	3	PF17109.5 ; Goodbye ; fungal S	85.8	0.027999999999999997	5.400000000000001e-06	36.6	0.0	47	97-143	75-121 (123)
PVI00627	1	PF17109.5 ; Goodbye ; fungal S	99.3	5.5000000000000006e-17	1.0000000000000001e-20	125.9	0.0	117	74-193	1-123 (123)
PVI00627	2	PF17100.5 ; NACHT_N ; N-termin	99.2	4.5e-16	8.499999999999999e-20	134.2	0.0	131	122-255	79-222 (229)
PVI00627	3	PF05729.12 ; NACHT ; NACHT dom	94.4	0.00047000000000000004	9.199999999999999e-08	51.0	0.0	20	396-415	1-20  (170)
PVI00627	4	PF18751.1 ; Ploopntkinase3 ; P	94.2	0.00056	1.1e-07	52.3	0.0	20	395-414	3-22  (187)
PVI00627	5	PF07931.12 ; CPT ; Chloramphen	94.0	0.00075	1.5e-07	50.1	0.0	19	396-414	2-20  (163)
PVI00627	6	PF00931.22 ; NB-ARC ; NB-ARC d	93.9	0.00078	1.5e-07	52.8	0.0	32	384-415	7-38  (240)
PVI00627	7	PF01637.18 ; ATPase_2 ; ATPase	93.9	0.00079	1.5e-07	51.7	0.0	21	395-415	20-40  (209)
PVI00627	8	PF13671.6 ; AAA_33 ; AAA domai	93.9	0.00082	1.6e-07	48.5	0.0	18	397-414	1-18  (142)
PVI00627	9	PF14532.6 ; Sigma54_activ_2 ;	93.9	0.00084	1.6e-07	48.5	0.0	21	395-415	21-41  (135)
PVI00627	10	PF13238.6 ; AAA_18 ; AAA domai	93.8	0.0009	1.7e-07	46.1	0.0	17	398-414	1-17  (108)
OCK99664	1	PF06516.11 ; NUP ; Purine nucl	99.7	1.3e-23	2.5e-27	207.0	0.0	261	117-399	2-321 (329)
OCK99664	2	PF01048.20 ; PNP_UDP_1 ; Phosp	99.5	6.9e-19	1.4e-22	160.4	0.0	202	118-394	1-213 (215)
OCK99664	3	PF01637.18 ; ATPase_2 ; ATPase	94.9	0.00021	4.3e-08	58.5	0.0	36	452-491	10-46  (209)
OCK99664	4	PF14516.6 ; AAA_35 ; AAA-like	94.9	0.00022	4.5e-08	63.9	0.0	64	455-525	24-88  (330)
OCK99664	5	PF07693.14 ; KAP_NTPase ; KAP	94.8	0.00026000000000000003	5.4e-08	62.4	0.0	59	461-525	31-89  (307)
OCK99664	6	PF05729.12 ; NACHT ; NACHT dom	94.3	0.00047000000000000004	9.7e-08	53.9	0.0	27	462-492	1-27  (170)
OCK99664	7	PF05621.11 ; TniB ; Bacterial	94.2	0.0005200000000000001	1.1e-07	55.1	0.0	27	461-491	35-61  (191)
OCK99664	8	PF00931.22 ; NB-ARC ; NB-ARC d	94.1	0.0006	1.2e-07	56.6	0.0	34	452-489	6-42  (240)
OCK99664	9	PF10923.8 ; DUF2791 ; P-loop D	93.7	0.0009400000000000001	1.9e-07	62.4	0.0	59	460-526	48-110 (413)
OCK99664	10	PF09820.9 ; AAA-ATPase_like ;	93.1	0.0015	3.1e-07	56.4	0.0	26	461-490	31-56  (278)
PQE30996	1	PF08357.11 ; SEFIR ; SEFIR dom	89.6	0.0081	1.9e-06	46.8	0.0	77	113-209	1-79  (160)
XP_022284051	1	PF06516.11 ; NUP ; Purine nucl	98.4	5.7000000000000003e-11	1.1e-14	87.8	0.0	69	21-89	201-290 (329)
XP_022284051	2	PF01048.20 ; PNP_UDP_1 ; Phosp	97.7	9.7e-09	1.8000000000000002e-12	69.9	0.0	67	23-89	126-198 (215)
EXM15090	1	PF17100.5 ; NACHT_N ; N-termin	99.6	9.7e-21	1.8999999999999998e-24	168.9	0.0	193	132-335	1-228 (229)
EXM15090	2	PF17109.5 ; Goodbye ; fungal S	98.4	2.7e-11	5.1e-15	94.9	0.0	118	135-261	1-123 (123)
EXM15090	3	PF01637.18 ; ATPase_2 ; ATPase	88.8	0.013000000000000001	2.5e-06	45.0	0.0	35	410-449	10-44  (209)
EXM15090	4	PF05729.12 ; NACHT ; NACHT dom	88.2	0.015	3e-06	42.7	0.0	23	424-449	2-24  (170)
EXM15090	5	PF01057.17 ; Parvo_NS1 ; Parvo	88.0	0.016	3.1e-06	48.2	0.0	31	410-441	106-136 (284)
EXM15090	6	PF14516.6 ; AAA_35 ; AAA-like	87.8	0.017	3.4e-06	48.4	0.0	24	423-449	31-54  (330)
EXM15090	7	PF00931.22 ; NB-ARC ; NB-ARC d	87.5	0.018000000000000002	3.6000000000000003e-06	45.0	0.0	31	410-441	6-36  (240)
EXM15090	8	PF05621.11 ; TniB ; Bacterial	87.4	0.018000000000000002	3.7000000000000006e-06	43.3	0.0	18	423-441	36-53  (191)
EXM15090	9	PF07931.12 ; CPT ; Chloramphen	87.1	0.02	3.9e-06	42.3	0.0	18	423-441	2-19  (163)
EXM15090	10	PF14532.6 ; Sigma54_activ_2 ;	87.1	0.02	3.9e-06	41.2	0.0	18	423-441	22-39  (135)
XP_009228193	1	PF17046.5 ; Ses_B ; SesB domai	95.8	3.6e-05	6.9e-09	31.6	0.0	23	6-28	5-27  (28)
KFX51227	1	PF06516.11 ; NUP ; Purine nucl	99.8	1.1999999999999998e-23	2.2000000000000002e-27	209.0	0.0	272	45-371	2-321 (329)
KFX51227	2	PF01048.20 ; PNP_UDP_1 ; Phosp	99.5	1.3000000000000002e-18	2.4e-22	161.4	0.0	204	46-367	1-214 (215)
KFX51227	3	PF17100.5 ; NACHT_N ; N-termin	99.1	4.4e-15	8e-19	138.1	0.0	137	459-597	79-228 (229)
KFX51227	4	PF17109.5 ; Goodbye ; fungal S	98.7	1.2e-12	2.2000000000000002e-16	107.3	0.0	116	414-529	1-123 (123)
GAO87762	1	PF17111.5 ; Helo_like_N ; Fung	98.8	4.3000000000000004e-13	8.5e-17	102.9	0.0	162	51-226	1-178 (209)
GAO87762	2	PF17107.5 ; SesA ; N-terminal	97.0	5.1e-07	9.900000000000001e-11	62.9	0.0	82	57-142	1-84  (133)
PGH12591	1	PF17046.5 ; Ses_B ; SesB domai	96.8	1.1e-06	2.1000000000000002e-10	32.1	0.0	23	5-27	5-27  (28)
EMD36360	1	PF17109.5 ; Goodbye ; fungal S	88.7	0.013999999999999999	2.5e-06	36.4	0.0	45	74-118	76-120 (123)
EMD36360	2	PF17111.5 ; Helo_like_N ; Fung	79.7	0.081	1.4999999999999999e-05	35.1	0.0	82	76-159	10-91  (209)
KIN99576	1	PF15729.5 ; ALS2CR11 ; Amyotro	96.3	9e-06	1.7000000000000001e-09	77.7	0.0	95	121-218	22-135 (420)
KIN99576	2	PF17100.5 ; NACHT_N ; N-termin	96.2	1.1e-05	2.0999999999999998e-09	71.2	0.0	136	285-421	79-227 (229)
KIN99576	3	PF11618.8 ; C2-C2_1 ; First C2	95.9	2.8999999999999997e-05	5.9e-09	62.3	0.0	93	120-217	6-110 (142)
KIN99576	4	PF17109.5 ; Goodbye ; fungal S	93.2	0.0015	3e-07	50.5	0.0	70	285-354	52-122 (123)
KIN99576	5	PF00168.30 ; C2 ; C2 domain	92.8	0.0019	3.8e-07	47.7	0.0	85	124-216	2-106 (116)
KIN99576	6	PF05621.11 ; TniB ; Bacterial	88.9	0.012	2.4e-06	46.5	0.0	48	465-525	15-63  (191)
KIN99576	7	PF06309.11 ; Torsin ; Torsin	88.5	0.013000000000000001	2.7000000000000004e-06	43.4	0.0	28	498-525	52-80  (126)
KIN99576	8	PF07693.14 ; KAP_NTPase ; KAP	88.2	0.013999999999999999	3e-06	50.3	0.0	65	466-532	1-67  (307)
KIN99576	9	PF01057.17 ; Parvo_NS1 ; Parvo	86.4	0.023	4.7e-06	49.3	0.0	44	468-525	102-146 (284)
KIN99576	10	PF13177.6 ; DNA_pol3_delta2 ;	83.7	0.042	8e-06	48.6	0.0	43	466-523	2-45  (297)
KZZ99530	1	PF08043.12 ; Xin ; Xin repeat	84.2	0.04	7.2999999999999996e-06	15.9	0.0	11	14-24	4-14  (16)
EMD37049	1	PF17111.5 ; Helo_like_N ; Fung	91.7	0.0039	7.8e-07	45.7	0.0	115	126-240	10-134 (209)
EMD37049	2	PF17100.5 ; NACHT_N ; N-termin	90.3	0.0076	1.5e-06	45.4	0.0	124	112-235	90-226 (229)
EMD37049	3	PF17109.5 ; Goodbye ; fungal S	84.7	0.034	6.7e-06	37.4	0.0	60	110-169	61-121 (123)
EMD37049	4	PF17107.5 ; SesA ; N-terminal	79.4	0.077	1.4999999999999999e-05	35.4	0.0	30	142-171	16-45  (133)
CRL22788	1	PF17100.5 ; NACHT_N ; N-termin	99.5	1.5e-19	2.8000000000000003e-23	135.9	0.0	137	72-211	79-228 (229)
CRL22788	2	PF17109.5 ; Goodbye ; fungal S	99.3	9.9e-17	1.8000000000000002e-20	108.4	0.0	118	26-143	1-123 (123)
KFY60362	1	PF01734.22 ; Patatin ; Patatin	99.0	1.5999999999999998e-14	3.1e-18	103.9	0.0	99	35-141	1-110 (221)
KFY60362	2	PF01735.18 ; PLA2_B ; Lysophos	96.9	8.5e-07	1.6000000000000002e-10	70.4	0.0	68	34-101	2-71  (488)
RDW85279	1	PF01083.22 ; Cutinase ; Cutina	98.3	9.7e-11	2e-14	99.3	0.0	129	168-305	4-142 (207)
RDW85279	2	PF05057.14 ; DUF676 ; Putative	97.9	2.6e-09	5.5e-13	89.4	0.0	129	168-307	4-145 (218)
RDW85279	3	PF06259.12 ; Abhydrolase_8 ; A	97.8	5.7e-09	1.2e-12	86.2	0.0	68	225-304	93-160 (190)
RDW85279	4	PF07819.13 ; PGAP1 ; PGAP1-lik	97.4	4.2e-08	9.5e-12	79.2	0.0	67	227-304	68-137 (245)
RDW85279	5	PF05990.12 ; DUF900 ; Alpha/be	97.4	4.8e-08	1.0000000000000001e-11	79.6	0.0	125	167-307	11-139 (213)
RDW85279	6	PF02089.15 ; Palm_thioest ; Pa	97.3	9.199999999999999e-08	2.0000000000000002e-11	80.2	0.0	108	171-304	1-112 (271)
RDW85279	7	PF03096.14 ; Ndr ; Ndr family	97.2	1.6e-07	3.7e-11	77.2	0.0	104	169-301	23-136 (283)
RDW85279	8	PF02129.18 ; Peptidase_S15 ; X	97.2	2e-07	4.5999999999999996e-11	74.9	0.0	113	167-303	16-129 (267)
RDW85279	9	PF00975.20 ; Thioesterase ; Th	97.1	2.5e-07	5.7000000000000003e-11	71.9	0.0	102	171-301	2-105 (221)
RDW85279	10	PF05705.14 ; DUF829 ; Eukaryot	97.1	3e-07	6.8e-11	72.5	0.0	110	172-303	2-111 (238)
XP_002480069	1	PF17109.5 ; Goodbye ; fungal S	99.7	1.5e-21	2.7e-25	145.7	0.0	121	61-181	1-123 (123)
XP_002480069	2	PF17100.5 ; NACHT_N ; N-termin	99.1	6.999999999999999e-15	1.3000000000000002e-18	120.1	0.0	131	110-246	79-223 (229)
XP_025560671	1	PF17100.5 ; NACHT_N ; N-termin	99.9	3.8e-27	7.699999999999999e-31	218.0	0.0	219	164-395	1-228 (229)
XP_025560671	2	PF17109.5 ; Goodbye ; fungal S	97.9	1.9e-09	3.8e-13	86.6	0.0	95	213-313	28-123 (123)
XP_025560671	3	PF13824.6 ; zf-Mss51 ; Zinc-fi	95.4	0.0001	2e-08	52.2	0.0	38	9-51	35-72  (77)
XP_025560671	4	PF01753.18 ; zf-MYND ; MYND fi	89.0	0.011000000000000001	2.3e-06	30.4	0.0	30	9-43	9-38  (38)
PMD15893	1	PF17100.5 ; NACHT_N ; N-termin	99.6	1.6000000000000002e-20	2.7999999999999998e-24	140.3	0.0	141	34-175	79-228 (229)
PMD15893	2	PF17109.5 ; Goodbye ; fungal S	98.8	6.8e-13	1.2e-16	87.6	0.0	93	4-102	28-123 (123)
XP_024735629	1	PF06524.12 ; NOA36 ; NOA36 pro	98.7	1.8000000000000002e-12	3.6000000000000003e-16	129.7	0.0	141	386-535	59-239 (313)
XP_024735629	2	PF17017.5 ; zf-C2H2_aberr ; Ab	98.1	3.6000000000000005e-10	7.299999999999999e-14	101.5	0.0	132	392-533	1-166 (173)
XP_024735629	3	PF18868.1 ; zf-C2H2_3rep ; Zin	98.1	5.599999999999999e-10	1.2e-13	92.3	0.0	109	394-530	1-123 (124)
XP_024735629	4	PF06524.12 ; NOA36 ; NOA36 pro	97.8	5.8e-09	1.2e-12	102.9	0.0	92	387-483	139-236 (313)
XP_024735629	5	PF06524.12 ; NOA36 ; NOA36 pro	97.5	4e-08	8e-12	96.4	0.0	131	379-528	27-164 (313)
XP_024735629	6	PF18868.1 ; zf-C2H2_3rep ; Zin	97.2	1.5e-07	3.0999999999999996e-11	76.4	0.0	89	389-481	30-123 (124)
XP_024735629	7	PF15909.5 ; zf-C2H2_8 ; C2H2-t	96.6	2.5e-06	5.200000000000001e-10	64.9	0.0	86	391-482	1-91  (98)
XP_024735629	8	PF18414.1 ; zf_C2H2_10 ; C2H2	95.4	9.9e-05	1.8999999999999998e-08	42.0	0.0	23	507-529	3-25  (26)
XP_024735629	9	PF15909.5 ; zf-C2H2_8 ; C2H2-t	95.3	0.00011	2.2999999999999998e-08	54.7	0.0	82	429-533	4-93  (98)
XP_024735629	10	PF18112.1 ; Zn-C2H2_12 ; Autop	95.2	0.00013000000000000002	2.6e-08	41.7	0.0	24	507-530	1-27  (27)
SLM33805	1	PF01083.22 ; Cutinase ; Cutina	98.1	5.3e-10	1.1e-13	99.5	0.0	125	150-283	4-142 (207)
SLM33805	2	PF05057.14 ; DUF676 ; Putative	97.8	3.4000000000000003e-09	7.200000000000001e-13	93.3	0.0	122	149-284	3-144 (218)
SLM33805	3	PF06259.12 ; Abhydrolase_8 ; A	97.7	8.7e-09	1.8000000000000002e-12	89.5	0.0	68	210-282	93-160 (190)
SLM33805	4	PF03096.14 ; Ndr ; Ndr family	97.6	1.3e-08	2.9999999999999997e-12	88.9	0.0	109	150-280	22-137 (283)
SLM33805	5	PF02089.15 ; Palm_thioest ; Pa	97.6	1.5e-08	3.3999999999999996e-12	90.0	0.0	107	153-282	1-112 (271)
SLM33805	6	PF12146.8 ; Hydrolase_4 ; Seri	97.6	2.1e-08	4.7000000000000006e-12	84.2	0.0	107	150-280	3-114 (239)
SLM33805	7	PF05990.12 ; DUF900 ; Alpha/be	97.5	2.4e-08	5.3e-12	85.9	0.0	127	146-283	8-137 (213)
SLM33805	8	PF00975.20 ; Thioesterase ; Th	97.4	5.5e-08	1.2999999999999999e-11	80.0	0.0	104	153-280	2-106 (221)
SLM33805	9	PF02129.18 ; Peptidase_S15 ; X	97.4	5.6e-08	1.2999999999999999e-11	82.7	0.0	113	149-281	16-129 (267)
SLM33805	10	PF07819.13 ; PGAP1 ; PGAP1-lik	97.3	1.1e-07	2.5999999999999997e-11	80.6	0.0	113	150-282	3-137 (245)
XP_013278287	1	PF01083.22 ; Cutinase ; Cutina	98.5	1.8e-11	3.4e-15	99.7	0.0	126	26-156	4-141 (207)
XP_013278287	2	PF05057.14 ; DUF676 ; Putative	98.2	2.2000000000000002e-10	4.2000000000000004e-14	93.4	0.0	123	26-157	4-143 (218)
XP_013278287	3	PF06259.12 ; Abhydrolase_8 ; A	97.9	1.9e-09	3.4999999999999997e-13	85.8	0.0	67	82-156	94-160 (190)
XP_013278287	4	PF12146.8 ; Hydrolase_4 ; Seri	97.8	3.4000000000000003e-09	6.6e-13	84.5	0.0	108	26-154	3-114 (239)
XP_013278287	5	PF05990.12 ; DUF900 ; Alpha/be	97.8	4.6e-09	8.8e-13	84.2	0.0	124	24-156	10-136 (213)
XP_013278287	6	PF02089.15 ; Palm_thioest ; Pa	97.8	5.8e-09	1.1e-12	86.6	0.0	108	29-156	1-112 (271)
XP_013278287	7	PF02129.18 ; Peptidase_S15 ; X	97.8	6.3e-09	1.2e-12	84.4	0.0	113	24-155	15-129 (267)
XP_013278287	8	PF03096.14 ; Ndr ; Ndr family	97.7	7.9e-09	1.4999999999999999e-12	85.2	0.0	106	26-154	22-137 (283)
XP_013278287	9	PF00975.20 ; Thioesterase ; Th	97.6	1.7e-08	3.2e-12	79.0	0.0	105	29-154	2-106 (221)
XP_013278287	10	PF07819.13 ; PGAP1 ; PGAP1-lik	97.6	1.7e-08	3.3e-12	81.1	0.0	116	26-156	3-137 (245)
KEP45157	1	PF17111.5 ; Helo_like_N ; Fung	90.7	0.0062	1.2e-06	45.7	0.0	118	166-283	7-135 (209)
KEP45157	2	PF17100.5 ; NACHT_N ; N-termin	87.9	0.016	3.2e-06	44.4	0.0	112	163-277	98-226 (229)
KIM77258	1	PF17100.5 ; NACHT_N ; N-termin	88.9	0.012	2.4e-06	47.6	0.0	125	206-331	88-227 (229)
KIM77258	2	PF13191.6 ; AAA_16 ; AAA ATPas	88.6	0.012	2.6e-06	43.9	0.0	37	376-412	5-42  (189)
KIM77258	3	PF00931.22 ; NB-ARC ; NB-ARC d	88.3	0.013999999999999999	2.8999999999999998e-06	45.2	0.0	35	378-412	2-36  (240)
KIM77258	4	PF01637.18 ; ATPase_2 ; ATPase	87.8	0.016	3.3e-06	44.0	0.0	36	376-413	4-39  (209)
KIM77258	5	PF05621.11 ; TniB ; Bacterial	87.5	0.017	3.6000000000000003e-06	43.2	0.0	39	374-412	14-53  (191)
KIM77258	6	PF07693.14 ; KAP_NTPase ; KAP	87.4	0.017	3.6000000000000003e-06	47.2	0.0	37	376-412	1-49  (307)
KIM77258	7	PF00308.18 ; Bac_DnaA ; Bacter	87.2	0.018000000000000002	3.9e-06	43.9	0.0	42	371-413	11-52  (219)
KIM77258	8	PF17111.5 ; Helo_like_N ; Fung	84.4	0.034	7.000000000000001e-06	43.0	0.0	112	219-331	7-130 (209)
KIM77258	9	PF14532.6 ; Sigma54_activ_2 ;	84.3	0.035	7.2000000000000005e-06	39.8	0.0	38	377-414	4-41  (135)
KIM77258	10	PF01057.17 ; Parvo_NS1 ; Parvo	82.5	0.048	9.9e-06	44.8	0.0	39	377-415	101-139 (284)
EIT73271	1	PF17100.5 ; NACHT_N ; N-termin	99.4	2.5e-18	5.0000000000000005e-22	142.6	0.0	137	126-265	79-228 (229)
EIT73271	2	PF17109.5 ; Goodbye ; fungal S	99.2	6.2e-16	1.1999999999999999e-19	115.8	0.0	120	78-197	1-123 (123)
RFU34722	1	PF17100.5 ; NACHT_N ; N-termin	99.3	6.2e-17	1.1000000000000001e-20	131.4	0.0	136	118-259	79-227 (229)
RFU34722	2	PF17109.5 ; Goodbye ; fungal S	99.2	1.4e-15	2.5999999999999996e-19	110.4	0.0	119	70-189	1-123 (123)
RFU34722	3	PF13238.6 ; AAA_18 ; AAA domai	82.8	0.051	9.3e-06	33.9	0.0	12	341-352	2-13  (108)
RFU34722	4	PF18751.1 ; Ploopntkinase3 ; P	82.0	0.057999999999999996	1.1e-05	37.4	0.0	13	340-352	6-18  (187)
RFU34722	5	PF13671.6 ; AAA_33 ; AAA domai	81.3	0.064	1.2e-05	35.1	0.0	13	340-352	2-14  (142)
RFU34722	6	PF08303.11 ; tRNA_lig_kinase ;	79.4	0.084	1.4999999999999999e-05	36.4	0.0	13	340-352	2-14  (168)
RFU34722	7	PF18748.1 ; Ploopntkinase1 ; P	79.4	0.084	1.4999999999999999e-05	36.7	0.0	14	339-352	19-32  (196)
RFU34722	8	PF05621.11 ; TniB ; Bacterial	78.5	0.094	1.7e-05	35.9	0.0	15	338-352	36-50  (191)
PBK84337	1	PF17100.5 ; NACHT_N ; N-termin	95.4	0.0001	2e-08	59.8	0.0	129	226-354	79-222 (229)
PBK84337	2	PF11618.8 ; C2-C2_1 ; First C2	93.0	0.0019	3.5e-07	47.1	0.0	88	54-156	10-110 (142)
PBK84337	3	PF17109.5 ; Goodbye ; fungal S	91.5	0.0046	8.7e-07	43.9	0.0	69	226-294	52-121 (123)
OBW64840	1	PF17100.5 ; NACHT_N ; N-termin	99.1	5.9e-15	1.2e-18	131.4	0.0	134	202-346	80-227 (229)
OBW64840	2	PF17109.5 ; Goodbye ; fungal S	98.8	4.5000000000000005e-13	9.000000000000001e-17	107.5	0.0	120	151-272	1-123 (123)
OBW64840	3	PF01637.18 ; ATPase_2 ; ATPase	89.0	0.011000000000000001	2.3e-06	45.3	0.0	24	410-433	11-34  (209)
OBW64840	4	PF05729.12 ; NACHT ; NACHT dom	87.7	0.016	3.4e-06	42.4	0.0	14	420-433	1-14  (170)
OBW64840	5	PF00931.22 ; NB-ARC ; NB-ARC d	87.6	0.016	3.5000000000000004e-06	45.0	0.0	25	409-433	6-32  (240)
OBW64840	6	PF07931.12 ; CPT ; Chloramphen	84.9	0.031	6.4e-06	41.2	0.0	14	420-433	2-15  (163)
OBW64840	7	PF05621.11 ; TniB ; Bacterial	84.7	0.031	6.7e-06	41.8	0.0	15	419-433	35-49  (191)
OBW64840	8	PF13191.6 ; AAA_16 ; AAA ATPas	84.3	0.034	7.2000000000000005e-06	41.4	0.0	14	420-433	25-38  (189)
OBW64840	9	PF13671.6 ; AAA_33 ; AAA domai	82.8	0.044000000000000004	9.3e-06	39.1	0.0	13	421-433	1-13  (142)
OBW64840	10	PF18751.1 ; Ploopntkinase3 ; P	82.0	0.051	1.1e-05	41.0	0.0	15	419-433	3-17  (187)
PWW74656	1	PF17111.5 ; Helo_like_N ; Fung	99.3	7.8e-17	1.3999999999999998e-20	122.9	0.0	174	53-236	1-177 (209)
PWW74656	2	PF17107.5 ; SesA ; N-terminal	98.1	6.2e-10	1.1e-13	77.1	0.0	117	59-182	1-132 (133)
PWW74656	3	PF05729.12 ; NACHT ; NACHT dom	96.1	2e-05	3.6e-09	53.9	0.0	26	271-296	1-26  (170)
PWW74656	4	PF01637.18 ; ATPase_2 ; ATPase	95.9	3.3e-05	6e-09	54.7	0.0	36	261-296	10-46  (209)
PWW74656	5	PF13238.6 ; AAA_18 ; AAA domai	95.9	3.4e-05	6.2e-09	49.0	0.0	22	273-294	1-22  (108)
PWW74656	6	PF18751.1 ; Ploopntkinase3 ; P	95.9	3.4e-05	6.2e-09	54.2	0.0	25	270-294	3-27  (187)
PWW74656	7	PF07931.12 ; CPT ; Chloramphen	95.9	3.5e-05	6.4e-09	52.8	0.0	24	271-294	2-25  (163)
PWW74656	8	PF13191.6 ; AAA_16 ; AAA ATPas	95.8	3.7e-05	6.7000000000000004e-09	53.6	0.0	28	269-296	23-50  (189)
PWW74656	9	PF05621.11 ; TniB ; Bacterial	95.7	4.7e-05	8.5e-09	53.1	0.0	28	269-296	34-61  (191)
PWW74656	10	PF13671.6 ; AAA_33 ; AAA domai	95.7	4.9e-05	9e-09	50.5	0.0	23	272-294	1-23  (142)
EXM19187	1	PF01083.22 ; Cutinase ; Cutina	98.3	7.4e-11	1.5e-14	104.4	0.0	130	143-289	2-142 (207)
EXM19187	2	PF05057.14 ; DUF676 ; Putative	97.8	5.6000000000000005e-09	1.2e-12	91.1	0.0	125	145-291	4-145 (218)
EXM19187	3	PF06259.12 ; Abhydrolase_8 ; A	97.6	1.6e-08	3.3e-12	87.1	0.0	69	214-289	93-161 (190)
EXM19187	4	PF05990.12 ; DUF900 ; Alpha/be	97.2	1.4e-07	3e-11	80.2	0.0	129	143-291	10-139 (213)
EXM19187	5	PF02089.15 ; Palm_thioest ; Pa	97.2	2e-07	4.5e-11	81.6	0.0	107	149-288	2-112 (271)
EXM19187	6	PF03096.14 ; Ndr ; Ndr family	97.1	2.5e-07	5.5e-11	79.7	0.0	110	145-286	22-137 (283)
EXM19187	7	PF07819.13 ; PGAP1 ; PGAP1-lik	97.1	2.5e-07	5.6e-11	77.9	0.0	67	215-288	67-137 (245)
EXM19187	8	PF12146.8 ; Hydrolase_4 ; Seri	97.1	3e-07	6.9e-11	76.0	0.0	110	146-286	4-114 (239)
EXM19187	9	PF00975.20 ; Thioesterase ; Th	97.1	3.3e-07	7.5e-11	74.6	0.0	105	148-286	2-106 (221)
EXM19187	10	PF05705.14 ; DUF829 ; Eukaryot	97.0	4.1e-07	9.199999999999999e-11	75.1	0.0	110	149-287	2-111 (238)
OCK94306	1	PF09235.10 ; SAM_Ste50p ; Ste5	95.8	3.7e-05	8.199999999999999e-09	48.3	0.0	70	24-96	2-73  (75)
OCK94306	2	PF18017.1 ; SAM_4 ; SAM domain	88.2	0.013999999999999999	3e-06	37.0	0.0	68	27-97	5-75  (84)
OAA76622	1	PF14479.6 ; HeLo ; Prion-inhib	99.4	1.6e-17	2.8999999999999996e-21	131.1	0.0	158	52-209	1-170 (199)
OAA76622	2	PF17111.5 ; Helo_like_N ; Fung	97.7	1.1000000000000001e-08	2e-12	78.4	0.0	137	48-213	1-138 (209)
OAA76622	3	PF06414.12 ; Zeta_toxin ; Zeta	94.5	0.0004	7.5e-08	50.3	0.0	19	299-317	13-31  (196)
OAA76622	4	PF07931.12 ; CPT ; Chloramphen	94.4	0.00045999999999999996	8.6e-08	48.0	0.0	17	301-317	2-18  (163)
OAA76622	5	PF05729.12 ; NACHT ; NACHT dom	94.4	0.0005	9.400000000000001e-08	47.5	0.0	17	301-317	1-17  (170)
OAA76622	6	PF18751.1 ; Ploopntkinase3 ; P	94.3	0.0005099999999999999	9.5e-08	49.1	0.0	18	300-317	3-20  (187)
OAA76622	7	PF13671.6 ; AAA_33 ; AAA domai	94.1	0.0006799999999999999	1.3e-07	45.8	0.0	16	302-317	1-16  (142)
OAA76622	8	PF13238.6 ; AAA_18 ; AAA domai	93.9	0.0008	1.5e-07	43.3	0.0	15	303-317	1-15  (108)
OAA76622	9	PF01637.18 ; ATPase_2 ; ATPase	93.7	0.00099	1.9e-07	47.6	0.0	18	300-317	20-37  (209)
OAA76622	10	PF08433.10 ; KTI12 ; Chromatin	93.7	0.001	1.9e-07	51.3	0.0	17	301-317	2-18  (269)
KZP28430	1	PF17100.5 ; NACHT_N ; N-termin	97.2	1.4e-07	2.8999999999999997e-11	84.7	0.0	131	305-438	82-226 (229)
KZP28430	2	PF17109.5 ; Goodbye ; fungal S	95.3	0.0001	2e-08	58.3	0.0	68	305-372	55-123 (123)
KZP28430	3	PF17111.5 ; Helo_like_N ; Fung	80.2	0.067	1.4000000000000001e-05	43.2	0.0	110	333-445	16-136 (209)
PYI07524	1	PF17100.5 ; NACHT_N ; N-termin	99.1	3.6e-15	7.6e-19	135.7	0.0	136	243-381	82-228 (229)
PYI07524	2	PF17109.5 ; Goodbye ; fungal S	98.2	1.9e-10	3.9e-14	93.6	0.0	111	193-310	1-116 (123)
PYI07524	3	PF05729.12 ; NACHT ; NACHT dom	94.7	0.00028	6.099999999999999e-08	54.4	0.0	24	453-476	1-24  (170)
PYI07524	4	PF01637.18 ; ATPase_2 ; ATPase	94.5	0.00036	8e-08	55.9	0.0	34	440-476	11-44  (209)
PYI07524	5	PF05621.11 ; TniB ; Bacterial	94.1	0.0006	1.3e-07	53.8	0.0	25	452-476	35-59  (191)
PYI07524	6	PF18751.1 ; Ploopntkinase3 ; P	94.0	0.00065	1.4e-07	54.3	0.0	25	452-476	3-27  (187)
PYI07524	7	PF07931.12 ; CPT ; Chloramphen	93.9	0.0007	1.5e-07	52.6	0.0	24	453-476	2-25  (163)
PYI07524	8	PF00931.22 ; NB-ARC ; NB-ARC d	93.9	0.0007099999999999999	1.6e-07	55.0	0.0	35	440-475	7-41  (240)
PYI07524	9	PF13671.6 ; AAA_33 ; AAA domai	93.8	0.00079	1.7e-07	50.9	0.0	23	454-476	1-23  (142)
PYI07524	10	PF13191.6 ; AAA_16 ; AAA ATPas	93.7	0.0008300000000000001	1.8e-07	52.6	0.0	25	452-476	24-48  (189)
SJL11658	1	PF15729.5 ; ALS2CR11 ; Amyotro	96.4	5.9e-06	1.1e-09	70.9	0.0	102	42-148	22-146 (420)
SJL11658	2	PF11618.8 ; C2-C2_1 ; First C2	95.9	2.9999999999999997e-05	5.7e-09	56.2	0.0	99	41-147	6-122 (142)
SJL11658	3	PF17100.5 ; NACHT_N ; N-termin	95.3	0.00011999999999999999	2.2000000000000002e-08	57.7	0.0	110	186-295	82-205 (229)
SJL11658	4	PF00168.30 ; C2 ; C2 domain	92.4	0.0028	5.2e-07	42.3	0.0	94	44-144	1-115 (116)
SJL11658	5	PF17109.5 ; Goodbye ; fungal S	92.0	0.0035	6.5e-07	43.3	0.0	66	186-251	55-121 (123)
PVG01715	1	PF17111.5 ; Helo_like_N ; Fung	96.2	1.4000000000000001e-05	2.6e-09	59.0	0.0	142	96-240	10-151 (209)
PVG01715	2	PF17107.5 ; SesA ; N-terminal	93.5	0.0012	2.2e-07	44.2	0.0	107	110-216	14-131 (133)
PVG01715	3	PF17109.5 ; Goodbye ; fungal S	88.1	0.017	3.1e-06	37.6	0.0	62	75-138	59-120 (123)
XP_008029344	1	PF17111.5 ; Helo_like_N ; Fung	98.6	3.3e-12	5.9e-16	92.7	0.0	130	3-143	4-142 (209)
XP_008029344	2	PF17107.5 ; SesA ; N-terminal	98.3	6.7e-11	1.2e-14	79.6	0.0	114	7-129	1-132 (133)
XP_008029344	3	PF14479.6 ; HeLo ; Prion-inhib	94.8	0.00028	5e-08	48.7	0.0	131	4-135	3-170 (199)
XP_024741356	1	PF01083.22 ; Cutinase ; Cutina	98.1	7.000000000000001e-10	1.4e-13	94.6	0.0	125	131-265	4-142 (207)
XP_024741356	2	PF05057.14 ; DUF676 ; Putative	97.8	4.8e-09	9.6e-13	89.2	0.0	123	131-267	4-145 (218)
XP_024741356	3	PF06259.12 ; Abhydrolase_8 ; A	97.7	7.5e-09	1.4999999999999999e-12	86.4	0.0	68	190-264	93-160 (190)
XP_024741356	4	PF02089.15 ; Palm_thioest ; Pa	97.7	1e-08	2.1e-12	89.0	0.0	110	134-264	1-112 (271)
XP_024741356	5	PF03096.14 ; Ndr ; Ndr family	97.6	1.8999999999999998e-08	3.9e-12	86.3	0.0	106	131-261	22-136 (283)
XP_024741356	6	PF02129.18 ; Peptidase_S15 ; X	97.6	2.2999999999999998e-08	4.6e-12	84.2	0.0	114	130-263	16-129 (267)
XP_024741356	7	PF12146.8 ; Hydrolase_4 ; Seri	97.6	2.2999999999999998e-08	4.7000000000000006e-12	82.7	0.0	106	131-261	3-113 (239)
XP_024741356	8	PF00975.20 ; Thioesterase ; Th	97.5	3.3e-08	6.7e-12	80.4	0.0	103	134-261	2-105 (221)
XP_024741356	9	PF05990.12 ; DUF900 ; Alpha/be	97.4	7e-08	1.4e-11	80.5	0.0	125	130-266	11-138 (213)
XP_024741356	10	PF05705.14 ; DUF829 ; Eukaryot	97.3	9.1e-08	1.9e-11	78.7	0.0	111	134-263	1-111 (238)
XP_007271441	1	PF11043.8 ; DUF2856 ; Protein	82.8	0.05	9.4e-06	24.8	0.0	30	4-34	4-33  (97)
PVF92871	1	PF17100.5 ; NACHT_N ; N-termin	95.6	5.7999999999999994e-05	1.1000000000000001e-08	61.3	0.0	136	204-342	79-227 (229)
PVF92871	2	PF17109.5 ; Goodbye ; fungal S	91.5	0.0046	8.5e-07	43.9	0.0	69	204-272	52-121 (123)
KDN48800	1	PF17111.5 ; Helo_like_N ; Fung	88.6	0.012	2.6e-06	46.1	0.0	120	234-353	5-135 (209)
KDN48800	2	PF17100.5 ; NACHT_N ; N-termin	87.9	0.015	3.3e-06	47.2	0.0	124	223-346	88-225 (229)
KDN48800	3	PF17109.5 ; Goodbye ; fungal S	78.3	0.085	1.8e-05	38.3	0.0	62	221-282	59-121 (123)
CVK97834	1	PF17106.5 ; NACHT_sigma ; Sigm	97.1	3.5e-07	6.9e-11	51.5	0.0	39	52-90	3-42  (43)
XP_009224635	1	PF17100.5 ; NACHT_N ; N-termin	99.0	2.2e-14	4.1e-18	123.7	0.0	155	123-285	61-228 (229)
XP_009224635	2	PF17109.5 ; Goodbye ; fungal S	98.6	3.8e-12	6.900000000000001e-16	97.4	0.0	119	94-216	1-123 (123)
PPJ60852	1	PF17107.5 ; SesA ; N-terminal	98.7	1e-12	1.8000000000000002e-16	88.4	0.0	120	10-129	1-132 (133)
PPJ60852	2	PF17111.5 ; Helo_like_N ; Fung	98.6	3.3999999999999996e-12	5.9e-16	92.3	0.0	130	4-135	1-134 (209)
PPJ60852	3	PF14479.6 ; HeLo ; Prion-inhib	86.4	0.026000000000000002	4.7e-06	37.5	0.0	49	6-55	3-51  (199)
OCL06397	1	PF17111.5 ; Helo_like_N ; Fung	98.0	8.199999999999999e-10	1.6e-13	91.1	0.0	127	66-197	1-133 (209)
OCL06397	2	PF17107.5 ; SesA ; N-terminal	96.7	1.9e-06	3.7000000000000007e-10	64.7	0.0	116	75-192	1-132 (133)
OCL06397	3	PF14516.6 ; AAA_35 ; AAA-like	81.9	0.054000000000000006	1.1e-05	43.7	0.0	28	367-394	125-152 (330)
XP_011392840	1	PF01083.22 ; Cutinase ; Cutina	98.1	4.6e-10	9.6e-14	101.3	0.0	125	186-316	4-142 (207)
XP_011392840	2	PF06259.12 ; Abhydrolase_8 ; A	97.7	1.1000000000000001e-08	2.3e-12	90.1	0.0	126	184-317	16-162 (190)
XP_011392840	3	PF05057.14 ; DUF676 ; Putative	97.6	1.4e-08	3.1e-12	90.4	0.0	118	186-317	4-144 (218)
XP_011392840	4	PF12146.8 ; Hydrolase_4 ; Seri	97.5	2.7e-08	5.9999999999999995e-12	85.1	0.0	110	186-313	3-114 (239)
XP_011392840	5	PF03096.14 ; Ndr ; Ndr family	97.5	3.1e-08	6.900000000000001e-12	88.1	0.0	110	186-313	22-137 (283)
XP_011392840	6	PF05990.12 ; DUF900 ; Alpha/be	97.4	5.3e-08	1.1999999999999999e-11	85.0	0.0	125	185-317	11-138 (213)
XP_011392840	7	PF02089.15 ; Palm_thioest ; Pa	97.4	5.3e-08	1.1999999999999999e-11	87.8	0.0	107	189-315	1-112 (271)
XP_011392840	8	PF02129.18 ; Peptidase_S15 ; X	97.3	9e-08	2.0000000000000002e-11	83.0	0.0	113	184-314	15-129 (267)
XP_011392840	9	PF00975.20 ; Thioesterase ; Th	97.3	9.7e-08	2.2e-11	80.0	0.0	104	189-313	2-106 (221)
XP_011392840	10	PF05705.14 ; DUF829 ; Eukaryot	97.2	1.8e-07	4.0000000000000004e-11	79.5	0.0	109	190-314	2-111 (238)
XP_024705005	1	PF01083.22 ; Cutinase ; Cutina	98.6	4.3e-12	8.199999999999999e-16	97.2	0.0	126	33-166	4-141 (207)
XP_024705005	2	PF05057.14 ; DUF676 ; Putative	98.4	2.7e-11	5.1e-15	92.7	0.0	124	33-168	4-144 (218)
XP_024705005	3	PF06259.12 ; Abhydrolase_8 ; A	98.3	7.3e-11	1.3999999999999999e-14	88.7	0.0	123	32-166	17-160 (190)
XP_024705005	4	PF05990.12 ; DUF900 ; Alpha/be	98.2	2.7000000000000005e-10	5.2e-14	85.8	0.0	124	32-166	11-136 (213)
XP_024705005	5	PF03096.14 ; Ndr ; Ndr family	98.2	2.7999999999999996e-10	5.5999999999999995e-14	87.6	0.0	109	33-163	22-136 (283)
XP_024705005	6	PF12146.8 ; Hydrolase_4 ; Seri	98.1	3.3e-10	6.5e-14	84.2	0.0	107	33-163	3-113 (239)
XP_024705005	7	PF02089.15 ; Palm_thioest ; Pa	98.1	4.6e-10	8.900000000000001e-14	87.2	0.0	107	36-165	1-111 (271)
XP_024705005	8	PF00975.20 ; Thioesterase ; Th	98.1	5.3e-10	1e-13	81.9	0.0	105	36-164	2-106 (221)
XP_024705005	9	PF02129.18 ; Peptidase_S15 ; X	98.1	6.2e-10	1.2e-13	84.1	0.0	112	32-165	16-129 (267)
XP_024705005	10	PF05705.14 ; DUF829 ; Eukaryot	97.9	1.9e-09	3.7e-13	79.8	0.0	111	36-165	1-111 (238)
PVH91226	1	PF17111.5 ; Helo_like_N ; Fung	99.3	1.6e-16	2.5e-20	95.1	0.0	138	4-147	1-138 (209)
PVH91226	2	PF17107.5 ; SesA ; N-terminal	98.9	1.5e-13	2.5e-17	76.1	0.0	121	13-137	1-132 (133)
PVH91226	3	PF14479.6 ; HeLo ; Prion-inhib	85.1	0.037000000000000005	6.2e-06	30.5	0.0	31	113-143	139-170 (199)
PVH91226	4	PF15188.6 ; CCDC-167 ; Coiled-	80.6	0.076	1.3000000000000001e-05	24.8	0.0	54	46-99	8-61  (84)
PVH91226	5	PF04772.12 ; Flu_B_M2 ; Influe	78.7	0.096	1.7e-05	24.5	0.0	33	3-35	1-33  (109)
EGU82178	1	PF03096.14 ; Ndr ; Ndr family	98.2	1.8000000000000002e-10	3.7000000000000006e-14	100.8	0.0	109	50-179	22-137 (283)
EGU82178	2	PF05057.14 ; DUF676 ; Putative	98.2	2e-10	4e-14	99.4	0.0	119	49-183	3-144 (218)
EGU82178	3	PF12146.8 ; Hydrolase_4 ; Seri	98.1	3.9e-10	8.199999999999999e-14	95.0	0.0	106	50-179	3-114 (239)
EGU82178	4	PF02089.15 ; Palm_thioest ; Pa	98.1	5e-10	1e-13	98.8	0.0	106	53-181	1-112 (271)
EGU82178	5	PF00975.20 ; Thioesterase ; Th	98.1	6e-10	1.3e-13	92.3	0.0	104	52-179	1-106 (221)
EGU82178	6	PF02129.18 ; Peptidase_S15 ; X	98.1	6.6e-10	1.4e-13	95.2	0.0	113	48-180	15-129 (267)
EGU82178	7	PF06259.12 ; Abhydrolase_8 ; A	98.0	8.599999999999999e-10	1.7e-13	93.6	0.0	66	111-181	95-160 (190)
EGU82178	8	PF10230.9 ; LIDHydrolase ; Lip	98.0	1.4000000000000001e-09	2.8e-13	92.3	0.0	106	51-179	2-115 (250)
EGU82178	9	PF01083.22 ; Cutinase ; Cutina	97.9	2.2e-09	4.3000000000000004e-13	92.3	0.0	124	50-181	4-141 (207)
EGU82178	10	PF05705.14 ; DUF829 ; Eukaryot	97.9	2.2e-09	4.7e-13	89.9	0.0	110	53-180	1-111 (238)
ESK86804	1	PF13191.6 ; AAA_16 ; AAA ATPas	96.0	2e-05	4.5e-09	50.0	0.0	34	116-149	5-38  (189)
ESK86804	2	PF01637.18 ; ATPase_2 ; ATPase	95.8	3.5e-05	8e-09	49.4	0.0	31	116-149	4-34  (209)
ESK86804	3	PF05621.11 ; TniB ; Bacterial	95.7	3.8e-05	8.399999999999999e-09	48.8	0.0	35	115-149	15-49  (191)
ESK86804	4	PF07693.14 ; KAP_NTPase ; KAP	95.7	4.4e-05	9.7e-09	52.6	0.0	34	116-149	1-45  (307)
ESK86804	5	PF00308.18 ; Bac_DnaA ; Bacter	95.6	5.1e-05	1.1000000000000001e-08	48.9	0.0	37	111-149	11-47  (219)
ESK86804	6	PF00931.22 ; NB-ARC ; NB-ARC d	95.2	0.00011	2.4e-08	47.6	0.0	31	118-149	2-32  (240)
ESK86804	7	PF06309.11 ; Torsin ; Torsin	95.2	0.00011999999999999999	2.6e-08	44.2	0.0	35	115-149	32-66  (126)
ESK86804	8	PF14532.6 ; Sigma54_activ_2 ;	94.7	0.00027	5.7999999999999997e-08	43.4	0.0	31	118-149	5-35  (135)
ESK86804	9	PF01057.17 ; Parvo_NS1 ; Parvo	94.7	0.00028	6.099999999999999e-08	49.2	0.0	31	118-149	102-132 (284)
ESK86804	10	PF10923.8 ; DUF2791 ; P-loop D	94.0	0.00063	1.4e-07	49.7	0.0	35	115-149	29-63  (413)
PSN62572	1	PF17111.5 ; Helo_like_N ; Fung	99.3	2.9e-16	5.099999999999999e-20	105.8	0.0	160	4-169	1-178 (209)
PSN62572	2	PF17107.5 ; SesA ; N-terminal	98.7	1.1e-12	2e-16	81.6	0.0	120	14-137	2-132 (133)
PSN62572	3	PF14479.6 ; HeLo ; Prion-inhib	89.6	0.011000000000000001	1.9e-06	36.7	0.0	35	29-63	18-52  (199)
XP_007384573	1	PF15729.5 ; ALS2CR11 ; Amyotro	98.0	1e-09	1.8000000000000002e-13	97.1	0.0	123	38-168	21-162 (420)
XP_007384573	2	PF11618.8 ; C2-C2_1 ; First C2	97.7	9.4e-09	1.6999999999999998e-12	78.2	0.0	104	38-145	6-122 (142)
XP_007384573	3	PF00168.30 ; C2 ; C2 domain	96.4	6.1e-06	1.1e-09	58.5	0.0	86	42-133	2-107 (116)
XP_007384573	4	PF17100.5 ; NACHT_N ; N-termin	96.0	2.1e-05	3.8e-09	63.8	0.0	113	229-342	81-207 (229)
XP_007384573	5	PF17109.5 ; Goodbye ; fungal S	93.4	0.0014	2.6e-07	46.3	0.0	68	228-295	53-121 (123)
XP_007384573	6	PF15903.5 ; PL48 ; Filopodia u	88.5	0.015	2.7000000000000004e-06	47.0	0.0	98	41-143	183-281 (343)
XP_007384573	7	PF15627.6 ; CEP76-C2 ; CEP76 C	83.6	0.045	8.1e-06	39.0	0.0	93	41-134	8-116 (149)
KFY76909	1	PF17109.5 ; Goodbye ; fungal S	99.3	1e-16	1.9e-20	122.4	0.0	121	93-216	1-123 (123)
KFY76909	2	PF17100.5 ; NACHT_N ; N-termin	99.1	2.3e-15	4.2e-19	127.9	0.0	136	144-284	78-227 (229)
KFY76909	3	PF05729.12 ; NACHT ; NACHT dom	94.2	0.0006	1.1e-07	49.9	0.0	17	395-411	2-18  (170)
KFY76909	4	PF01637.18 ; ATPase_2 ; ATPase	93.9	0.00081	1.5e-07	51.1	0.0	27	385-411	11-38  (209)
KFY76909	5	PF13671.6 ; AAA_33 ; AAA domai	93.8	0.00091	1.7e-07	47.7	0.0	17	395-411	1-17  (142)
KFY76909	6	PF07931.12 ; CPT ; Chloramphen	93.8	0.00093	1.7e-07	49.0	0.0	18	394-411	2-19  (163)
KFY76909	7	PF13238.6 ; AAA_18 ; AAA domai	93.7	0.001	1.9e-07	45.2	0.0	16	396-411	1-16  (108)
KFY76909	8	PF18751.1 ; Ploopntkinase3 ; P	93.7	0.001	2e-07	50.1	0.0	18	394-411	4-21  (187)
KFY76909	9	PF13191.6 ; AAA_16 ; AAA ATPas	93.5	0.0012	2.4e-07	49.1	0.0	18	394-411	25-42  (189)
KFY76909	10	PF05621.11 ; TniB ; Bacterial	93.4	0.0013	2.4e-07	49.2	0.0	18	394-411	36-53  (191)
OCT51778	1	PF17111.5 ; Helo_like_N ; Fung	98.3	7.3e-11	1.3e-14	90.3	0.0	136	36-186	1-136 (209)
OCT51778	2	PF17107.5 ; SesA ; N-terminal	97.4	5.3e-08	9.5e-12	68.0	0.0	121	45-178	1-132 (133)
EWY92232	1	PF14479.6 ; HeLo ; Prion-inhib	99.9	1.8000000000000002e-28	3.5e-32	207.4	0.0	190	56-263	1-199 (199)
EWY92232	2	PF17111.5 ; Helo_like_N ; Fung	92.8	0.002	4.1e-07	48.9	0.0	52	52-103	1-53  (209)
XP_009255437	1	PF17100.5 ; NACHT_N ; N-termin	99.7	2.1e-23	4.3e-27	191.3	0.0	201	172-373	1-228 (229)
XP_009255437	2	PF17109.5 ; Goodbye ; fungal S	97.9	1.7000000000000001e-09	3.4999999999999997e-13	86.7	0.0	117	175-300	1-123 (123)
EHA20364	1	PF01083.22 ; Cutinase ; Cutina	98.1	3.7000000000000007e-10	7.400000000000001e-14	95.1	0.0	125	83-216	4-142 (207)
EHA20364	2	PF05057.14 ; DUF676 ; Putative	98.1	6.5e-10	1.3e-13	93.2	0.0	122	82-217	3-144 (218)
EHA20364	3	PF12146.8 ; Hydrolase_4 ; Seri	98.1	6.5e-10	1.4e-13	90.0	0.0	108	82-213	2-114 (239)
EHA20364	4	PF02089.15 ; Palm_thioest ; Pa	98.0	7.099999999999999e-10	1.5e-13	94.5	0.0	107	86-215	1-112 (271)
EHA20364	5	PF03096.14 ; Ndr ; Ndr family	98.0	7.000000000000001e-10	1.5e-13	93.2	0.0	109	83-213	22-137 (283)
EHA20364	6	PF06259.12 ; Abhydrolase_8 ; A	98.0	1.4000000000000001e-09	2.8e-13	89.8	0.0	67	144-215	94-160 (190)
EHA20364	7	PF00975.20 ; Thioesterase ; Th	97.9	2.2e-09	4.9e-13	85.2	0.0	104	85-213	1-106 (221)
EHA20364	8	PF05990.12 ; DUF900 ; Alpha/be	97.9	2.6e-09	5.4e-13	87.9	0.0	129	77-216	6-137 (213)
EHA20364	9	PF10230.9 ; LIDHydrolase ; Lip	97.8	3.3e-09	7.200000000000001e-13	86.3	0.0	108	84-214	2-116 (250)
EHA20364	10	PF02129.18 ; Peptidase_S15 ; X	97.8	3.4000000000000003e-09	7.3e-13	86.9	0.0	114	81-214	15-129 (267)
OCK85899	1	PF06985.11 ; HET ; Heterokaryo	99.7	1.5e-22	3.1000000000000004e-26	161.7	0.0	117	104-224	1-127 (127)
CVK89761	1	PF17111.5 ; Helo_like_N ; Fung	98.3	1e-10	1.9e-14	87.6	0.0	131	1-143	1-136 (209)
CVK89761	2	PF17107.5 ; SesA ; N-terminal	97.4	6e-08	1.1e-11	66.8	0.0	120	10-135	1-132 (133)
OJJ74235	1	PF17100.5 ; NACHT_N ; N-termin	98.9	1e-13	2e-17	131.3	0.0	136	483-623	79-227 (229)
OJJ74235	2	PF17109.5 ; Goodbye ; fungal S	98.6	5.5e-12	9.999999999999999e-16	106.1	0.0	119	436-556	1-123 (123)
OJJ74235	3	PF01083.22 ; Cutinase ; Cutina	98.1	4.4000000000000003e-10	8.400000000000001e-14	103.2	0.0	128	123-259	4-142 (207)
OJJ74235	4	PF06259.12 ; Abhydrolase_8 ; A	97.7	7.6e-09	1.4999999999999999e-12	93.1	0.0	128	122-258	17-160 (190)
OJJ74235	5	PF05057.14 ; DUF676 ; Putative	97.6	1.3e-08	2.6000000000000002e-12	93.4	0.0	127	123-261	4-145 (218)
OJJ74235	6	PF02089.15 ; Palm_thioest ; Pa	97.3	1.4e-07	2.8e-11	88.6	0.0	108	126-258	1-112 (271)
OJJ74235	7	PF05990.12 ; DUF900 ; Alpha/be	97.1	3.5e-07	6.8e-11	82.5	0.0	125	122-260	11-138 (213)
OJJ74235	8	PF02129.18 ; Peptidase_S15 ; X	97.0	4.9e-07	9.7e-11	82.7	0.0	114	122-257	16-129 (267)
OJJ74235	9	PF12146.8 ; Hydrolase_4 ; Seri	97.0	6.1e-07	1.2e-10	80.4	0.0	109	123-256	3-114 (239)
OJJ74235	10	PF03096.14 ; Ndr ; Ndr family	96.9	8.1e-07	1.6000000000000002e-10	82.5	0.0	106	124-255	23-136 (283)
RAK81296	1	PF17100.5 ; NACHT_N ; N-termin	99.1	9.000000000000001e-15	1.8e-18	131.4	0.0	136	246-384	79-227 (229)
RAK81296	2	PF17109.5 ; Goodbye ; fungal S	98.7	1.9e-12	3.7e-16	104.4	0.0	121	193-317	1-123 (123)
RAK81296	3	PF01637.18 ; ATPase_2 ; ATPase	89.8	0.0086	1.8000000000000001e-06	46.6	0.0	26	443-468	9-35  (209)
RAK81296	4	PF05729.12 ; NACHT ; NACHT dom	89.2	0.011000000000000001	2.2e-06	44.1	0.0	15	454-468	1-15  (170)
RAK81296	5	PF07931.12 ; CPT ; Chloramphen	88.1	0.015	3.1e-06	43.8	0.0	15	454-468	2-16  (163)
RAK81296	6	PF13191.6 ; AAA_16 ; AAA ATPas	87.9	0.016	3.3e-06	44.1	0.0	16	453-468	24-39  (189)
RAK81296	7	PF05621.11 ; TniB ; Bacterial	87.5	0.017	3.6000000000000003e-06	44.0	0.0	16	453-468	35-50  (191)
RAK81296	8	PF00931.22 ; NB-ARC ; NB-ARC d	87.2	0.018000000000000002	3.9e-06	45.3	0.0	25	444-468	6-33  (240)
RAK81296	9	PF18751.1 ; Ploopntkinase3 ; P	87.2	0.019	3.9e-06	44.3	0.0	16	453-468	3-18  (187)
RAK81296	10	PF13671.6 ; AAA_33 ; AAA domai	87.1	0.019	4e-06	41.8	0.0	14	455-468	1-14  (142)
KIM76096	1	PF17111.5 ; Helo_like_N ; Fung	93.0	0.0017	3.4e-07	49.5	0.0	109	135-244	17-133 (209)
KIM76096	2	PF17109.5 ; Goodbye ; fungal S	81.6	0.057	1.1e-05	37.2	0.0	66	103-171	56-121 (123)
ELA33704	1	PF17111.5 ; Helo_like_N ; Fung	99.2	4.900000000000001e-16	8.699999999999999e-20	107.3	0.0	169	4-176	1-178 (209)
ELA33704	2	PF17107.5 ; SesA ; N-terminal	98.8	4.3000000000000004e-13	7.6e-17	85.6	0.0	121	10-131	1-132 (133)
ELA33704	3	PF14479.6 ; HeLo ; Prion-inhib	94.9	0.00023999999999999998	4.3e-08	46.2	0.0	131	6-137	3-170 (199)
XP_020135133	1	PF17109.5 ; Goodbye ; fungal S	99.3	1.1000000000000001e-16	2.1000000000000002e-20	130.4	0.0	118	154-271	1-123 (123)
XP_020135133	2	PF17100.5 ; NACHT_N ; N-termin	99.3	2.5e-16	5.099999999999999e-20	141.7	0.0	135	199-337	78-225 (229)
EMT62740	1	PF00082.22 ; Peptidase_S8 ; Su	99.8	1e-25	2.0000000000000002e-29	207.5	0.0	212	68-292	1-246 (286)
POR31696	1	PF17100.5 ; NACHT_N ; N-termin	95.4	9.300000000000001e-05	2e-08	49.5	0.0	40	2-41	185-226 (229)
ORY16324	1	PF06985.11 ; HET ; Heterokaryo	97.4	7.4e-08	1.5e-11	67.3	0.0	57	46-102	63-127 (127)
