	Cluster no	Representative no	Nterm	Nterm_GDT
3617	KKP00535	KKP00535.1	Xin	unk
3618	KKP00535	XP_016591961.1	Xin	unk
3619	KKP00535	KEQ57653.1	Xin	unk
3620	KKP00535	PHH91520.1	Xin	unk
3621	KKP00535	OCL02131.1	Xin	unk
3622	KKP00535	PVI07543.1	Xin	unk
3623	KKP00535	SCO54287.1	Xin	unk
3624	KKP00535	AFB35589.1	Xin	unk
3625	KKP00535	AFB35590.1	Xin	unk
3626	KKP00535	AFB35591.1	Xin	unk
3627	KKP00535	AFB35592.1	Xin	unk
3628	KKP00535	AFB35593.1	Xin	unk
3629	KKP00535	EXL79977.1	Xin	unk
3630	KKP00535	PNP81282.1	Xin	unk
3631	KKP00535	OCK72964.1	Xin	unk
3632	KKP00535	OCK95360.1	Xin	unk
3633	KKP00535	PQE12519.1	Xin	unk
3634	KKP00535	OTA59075.1	Xin	unk
3635	KKP00535	XP_013953721.1	Xin	unk
3636	KKP00535	PMD17925.1	Xin	unk
3637	KKP00535	XP_008078600.1	Xin	unk
3638	KKP00535	XP_024707668.1	Xin	unk
3639	KKP00535	XP_024729491.1	Xin	unk
3640	KKP00535	PVH69559.1	Xin	unk
3641	KKP00535	PKK49214.1	Xin	unk
3642	KKP00535	PWW74073.1	Xin	unk
3643	KKP00535	PWW74705.1	Xin	unk
3644	KKP00535	PWW73089.1	Xin	unk
3645	KKP00535	XP_007718255.1	Xin	unk
3730	KIK53730	KIK53730.1	SgrT	unk
3731	KIK53730	KIK58273.1	SgrT	unk
3732	KIK53730	KIK58262.1	SgrT	unk
3733	KIK53730	KIK59115.1	SgrT	unk
3734	KIK53730	KIK58212.1	SgrT	unk
3735	KIK53730	KIK59121.1	SgrT	unk
3736	KIK53730	KIK66514.1	SgrT	unk
3737	KIK53730	KIK66543.1	SgrT	unk
3738	KIK53730	CCO36422.1	SgrT	unk
3739	KIK53730	KIJ27748.1	SgrT	unk
3740	KIK53730	KIJ33898.1	SgrT	unk
3741	KIK53730	KIJ96694.1	SgrT	unk
3742	KIK53730	KIK51037.1	SgrT	unk
3743	KIK53730	KIK56525.1	SgrT	unk
3744	KIK53730	KIK51579.1	SgrT	unk
3745	KIK53730	KIK56537.1	SgrT	unk
3746	KIK53730	KIK56560.1	SgrT	unk
3747	KIK53730	KIK57608.1	SgrT	unk
3748	KIK53730	KIK59338.1	SgrT	unk
3749	KIK53730	KIK49741.1	SgrT	unk
3750	KIK53730	KIK49948.1	SgrT	unk
3751	KIK53730	KIK50915.1	SgrT	unk
3752	KIK53730	KIK51018.1	SgrT	unk
3753	KIK53730	KIK51268.1	SgrT	unk
3754	KIK53730	KIK59176.1	SgrT	unk
3755	KIK53730	KIK64750.1	SgrT	unk
3756	KIK53730	KXN91193.1	SgrT	unk
3757	KIK53730	KIK61842.1	SgrT	unk
3758	KIK53730	KIK55441.1	SgrT	unk
3759	KIK53730	KIK62244.1	SgrT	unk
3760	KIK53730	KIK62829.1	SgrT	unk
3761	KIK53730	KIK51305.1	SgrT	unk
3762	KIK53730	KIK66262.1	SgrT	unk
3763	KIK53730	KIK66961.1	SgrT	unk
3764	KIK53730	KIK66938.1	SgrT	unk
3765	KIK53730	KIK50732.1	SgrT	unk
3766	KIK53730	KIK51223.1	SgrT	unk
3767	KIK53730	KIK55402.1	SgrT	unk
3768	KIK53730	KIK55412.1	SgrT	unk
3769	KIK53730	KIK66782.1	SgrT	unk
3770	KIK53730	KIK66972.1	SgrT	unk
3771	KIK53730	XP_007271246.1	SgrT	unk
3772	KIK53730	KIK69466.1	SgrT	unk
3773	KIK53730	KLO07809.1	SgrT	unk
3774	KIK53730	KLO10620.1	SgrT	unk
3775	KIK53730	KLO10628.1	SgrT	unk
3776	KIK53730	KZS89491.1	SgrT	unk
3777	KIK53730	KZV87739.1	SgrT	unk
3778	KIK53730	XP_009550492.1	SgrT	unk
3779	KIK53730	KIK53720.1	SgrT	unk
3780	KIK53730	KIK58210.1	SgrT	unk
3813	KIK59341	KIK59341.1	SgrT	unk
3814	KIK59341	KDN39347.1	SgrT	unk
3815	KIK59341	EUC53454.1	SgrT	unk
3816	KIK59341	KIK64653.1	SgrT	unk
3817	KIK59341	KIK64650.1	SgrT	unk
3818	KIK59341	KIK64685.1	SgrT	unk
3819	KIK59341	KIK64688.1	SgrT	unk
3820	KIK59341	KIK64751.1	SgrT	unk
3821	KIK59341	KIK57616.1	SgrT	unk
3822	KIK59341	KIK66197.1	SgrT	unk
3823	KIK59341	KIK66247.1	SgrT	unk
3824	KIK59341	KIK66251.1	SgrT	unk
3825	KIK59341	KIK66257.1	SgrT	unk
3826	KIK59341	KIK66270.1	SgrT	unk
3827	KIK59341	KIK66333.1	SgrT	unk
3828	KIK59341	KIK66400.1	SgrT	unk
3829	KIK59341	KIK66414.1	SgrT	unk
3830	KIK59341	KIK66463.1	SgrT	unk
3831	KIK59341	KIK66507.1	SgrT	unk
3832	KIK59341	KIK59003.1	SgrT	unk
3833	KIK59341	KIK58999.1	SgrT	unk
3834	KIK59341	KIK59010.1	SgrT	unk
3835	KIK59341	KIK59416.1	SgrT	unk
3836	KIK59341	KIK66549.1	SgrT	unk
3995	KIM72072	KIM72072.1	SgrT	unk
3996	KIM72072	KIM59530.1	SgrT	unk
3997	KIM72072	KZP16037.1	SgrT	unk
3998	KIM72072	KIJ52917.1	SgrT	unk
3999	KIM72072	KIJ33964.1	SgrT	unk
4000	KIM72072	KIJ52866.1	SgrT	unk
4001	KIM72072	KIJ26727.1	SgrT	unk
4002	KIM72072	KIJ49842.1	SgrT	unk
4003	KIM72072	KIK23000.1	SgrT	unk
4004	KIM72072	KIK10568.1	SgrT	unk
4005	KIM72072	KIK11385.1	SgrT	unk
4006	KIM72072	KIK12153.1	SgrT	unk
4007	KIM72072	KIK14326.1	SgrT	unk
4008	KIM72072	KIK17089.1	SgrT	unk
4009	KIM72072	KIK19510.1	SgrT	unk
4010	KIM72072	KIK24646.1	SgrT	unk
4011	KIM72072	KIL54742.1	SgrT	unk
4012	KIM72072	KIL54896.1	SgrT	unk
4013	KIM72072	KIL55379.1	SgrT	unk
4014	KIM72072	KIL57186.1	SgrT	unk
4015	KIM72072	KIL63115.1	SgrT	unk
4016	KIM72072	KIM56165.1	SgrT	unk
4017	KIM72072	KIM58958.1	SgrT	unk
4018	KIM72072	KIM59324.1	SgrT	unk
4019	KIM72072	KIM60026.1	SgrT	unk
4020	KIM72072	KIN93162.1	SgrT	unk
4021	KIM72072	KIN99059.1	SgrT	unk
4022	KIM72072	KIN99234.1	SgrT	unk
4023	KIM72072	KIN99929.1	SgrT	unk
4024	KIM72072	KIO00211.1	SgrT	unk
4025	KIM72072	KIO07099.1	SgrT	unk
4026	KIM72072	KIO13849.1	SgrT	unk
4027	KIM72072	KIK13405.1	SgrT	unk
4028	KIM72072	KIK31791.1	SgrT	unk
4029	KIM72072	KIL61188.1	SgrT	unk
4030	KIM72072	KIL61187.1	SgrT	unk
4031	KIM72072	KIM46585.1	SgrT	unk
4032	KIM72072	KIM69859.1	SgrT	unk
4033	KIM72072	KIN95620.1	SgrT	unk
4034	KIM72072	KIN98190.1	SgrT	unk
4035	KIM72072	KDQ26676.1	SgrT	unk
4036	KIM72072	OAX34670.1	SgrT	unk
4037	KIM72072	OJA13363.1	SgrT	unk
4038	KIM72072	OJA13992.1	SgrT	unk
4039	KIM72072	EHA24790.1	SgrT	unk
4040	KIM72072	KIK31588.1	SgrT	unk
4041	KIM72072	KIL57375.1	SgrT	unk
4042	KIM72072	KIL55484.1	SgrT	unk
4043	KIM72072	KIL56007.1	SgrT	unk
4044	KIM72072	RAK74300.1	SgrT	unk
4045	KIM72072	XP_007379827.1	SgrT	unk
4046	KIM72072	XP_007379821.1	SgrT	unk
4047	KIM72072	XP_007379802.1	SgrT	unk
4501	KIM78170	KIM78170.1	SgrT	unk
4502	KIM78170	KDQ08472.1	SgrT	unk
4503	KIM78170	KDQ14545.1	SgrT	unk
4504	KIM78170	KIK51766.1	SgrT	unk
4505	KIM78170	KIK59415.1	SgrT	unk
4506	KIM78170	PVF90895.1	SgrT	unk
4507	KIM78170	KIM71947.1	SgrT	unk
4508	KIM78170	CUA78407.1	SgrT	unk
4509	KIM78170	EGO00453.1	SgrT	unk
4510	KIM78170	EXL96086.1	SgrT	unk
4511	KIM78170	KDQ49098.1	SgrT	unk
4512	KIM78170	KDQ49135.1	SgrT	unk
4513	KIM78170	KDQ50197.1	SgrT	unk
4514	KIM78170	KDQ50996.1	SgrT	unk
4515	KIM78170	KDQ54129.1	SgrT	unk
4516	KIM78170	KDQ54139.1	SgrT	unk
4517	KIM78170	KDQ54186.1	SgrT	unk
4518	KIM78170	KDQ50903.1	SgrT	unk
4519	KIM78170	EGO05414.1	SgrT	unk
4520	KIM78170	KDQ56505.1	SgrT	unk
4521	KIM78170	KEP45910.1	SgrT	unk
4522	KIM78170	KII83602.1	SgrT	unk
4523	KIM78170	XP_007267786.1	SgrT	unk
4524	KIM78170	KII83593.1	SgrT	unk
4525	KIM78170	KIJ34493.1	SgrT	unk
4526	KIM78170	KIJ36863.1	SgrT	unk
4527	KIM78170	KIJ28504.1	SgrT	unk
4528	KIM78170	KIK58987.1	SgrT	unk
4529	KIM78170	KIM19778.1	SgrT	unk
4530	KIM78170	KIM23640.1	SgrT	unk
4531	KIM78170	KIM27690.1	SgrT	unk
4532	KIM78170	KIM27726.1	SgrT	unk
4533	KIM78170	KIM20000.1	SgrT	unk
4534	KIM78170	KIM21458.1	SgrT	unk
4535	KIM78170	KIM19890.1	SgrT	unk
4536	KIM78170	KIM19383.1	SgrT	unk
4537	KIM78170	KIM20037.1	SgrT	unk
4538	KIM78170	KIM20038.1	SgrT	unk
4539	KIM78170	KIM20492.1	SgrT	unk
4540	KIM78170	KIM21058.1	SgrT	unk
4541	KIM78170	KIM21677.1	SgrT	unk
4542	KIM78170	KIM21686.1	SgrT	unk
4543	KIM78170	KIM21691.1	SgrT	unk
4544	KIM78170	KIM21698.1	SgrT	unk
4545	KIM78170	KIM22552.1	SgrT	unk
4546	KIM78170	KIM25035.1	SgrT	unk
4547	KIM78170	KIM30112.1	SgrT	unk
4548	KIM78170	KIM32662.1	SgrT	unk
4549	KIM78170	KIM32666.1	SgrT	unk
4550	KIM78170	KIM24753.1	SgrT	unk
4551	KIM78170	KIM22156.1	SgrT	unk
4552	KIM78170	KIM24221.1	SgrT	unk
4553	KIM78170	KIM24257.1	SgrT	unk
4554	KIM78170	KIM24258.1	SgrT	unk
4555	KIM78170	KIM24262.1	SgrT	unk
4556	KIM78170	PVF91455.1	SgrT	unk
4557	KIM78170	KIM20714.1	SgrT	unk
4558	KIM78170	KIM19524.1	SgrT	unk
4559	KIM78170	KIM19685.1	SgrT	unk
4560	KIM78170	KIM24767.1	SgrT	unk
4561	KIM78170	KIM24804.1	SgrT	unk
4562	KIM78170	KIM24806.1	SgrT	unk
4563	KIM78170	KIM25844.1	SgrT	unk
4564	KIM78170	KIM30107.1	SgrT	unk
4565	KIM78170	KIM29939.1	SgrT	unk
4566	KIM78170	KIM33655.1	SgrT	unk
4567	KIM78170	KIO16630.1	SgrT	unk
4568	KIM78170	KIK50678.1	SgrT	unk
4569	KIM78170	KIK71622.1	SgrT	unk
4570	KIM78170	KIK62138.1	SgrT	unk
4571	KIM78170	KIL54359.1	SgrT	unk
4572	KIM78170	KIL64088.1	SgrT	unk
4573	KIM78170	KIO16863.1	SgrT	unk
4574	KIM78170	KIO23456.1	SgrT	unk
4575	KIM78170	KIO27397.1	SgrT	unk
4576	KIM78170	KIO16932.1	SgrT	unk
4577	KIM78170	KIO19622.1	SgrT	unk
4578	KIM78170	KIO23703.1	SgrT	unk
4579	KIM78170	KIO18687.1	SgrT	unk
4580	KIM78170	KIO24577.1	SgrT	unk
4581	KIM78170	KIO29483.1	SgrT	unk
4582	KIM78170	KIO25785.1	SgrT	unk
4583	KIM78170	KIO18428.1	SgrT	unk
4584	KIM78170	KIO27716.1	SgrT	unk
4585	KIM78170	KIO28110.1	SgrT	unk
4586	KIM78170	KIO30755.1	SgrT	unk
4587	KIM78170	KIO17366.1	SgrT	unk
4588	KIM78170	KIO17479.1	SgrT	unk
4589	KIM78170	KIO18776.1	SgrT	unk
4590	KIM78170	KIO18892.1	SgrT	unk
4591	KIM78170	KIO18897.1	SgrT	unk
4592	KIM78170	KIO19725.1	SgrT	unk
4593	KIM78170	KIO26476.1	SgrT	unk
4594	KIM78170	KIO31985.1	SgrT	unk
4595	KIM78170	KIO33050.1	SgrT	unk
4596	KIM78170	KIO33056.1	SgrT	unk
4597	KIM78170	XP_003032384.1	SgrT	unk
4598	KIM78170	XP_003031939.1	SgrT	unk
4599	KIM78170	KIO19159.1	SgrT	unk
4600	KIM78170	KIO23203.1	SgrT	unk
4601	KIM78170	KIO25103.1	SgrT	unk
4602	KIM78170	KIO28103.1	SgrT	unk
4603	KIM78170	KIO29546.1	SgrT	unk
4604	KIM78170	KIO30953.1	SgrT	unk
4605	KIM78170	KLO05135.1	SgrT	unk
4606	KIM78170	KZP02690.1	SgrT	unk
4607	KIM78170	KZP31106.1	SgrT	unk
4608	KIM78170	KZV66596.1	SgrT	unk
4609	KIM78170	PVF96421.1	SgrT	unk
4610	KIM78170	OCH83685.1	SgrT	unk
4611	KIM78170	XP_007263318.1	SgrT	unk
4612	KIM78170	XP_007324125.1	SgrT	unk
4613	KIM78170	EGN93526.1	SgrT	unk
4614	KIM78170	KLO10476.1	SgrT	unk
9871	XP_013424499	XP_013424499.1	Xin	unk
9872	XP_013424499	GAA92091.1	Xin	unk
9873	XP_013424499	XP_007694398.1	Xin	unk
9874	XP_013424499	PVH69241.1	Xin	unk
9875	XP_013424499	XP_007682791.1	Xin	unk
9876	XP_013424499	XP_007676915.1	Xin	unk
9877	XP_013424499	XP_007716868.1	Xin	unk
9878	XP_013424499	RAQ99003.1	Xin	unk
9879	XP_013424499	OCK89280.1	Xin	unk
9880	XP_013424499	EPS44127.1	Xin	unk
9881	XP_013424499	OCK76160.1	Xin	unk
9882	XP_013424499	OCK96642.1	Xin	unk
9883	XP_013424499	OIW26740.1	Xin	unk
9884	XP_013424499	PMD33056.1	Xin	unk
9885	XP_013424499	PMD19891.1	Xin	unk
9886	XP_013424499	PVH70777.1	Xin	unk
9887	XP_013424499	XP_024758109.1	Xin	unk
9888	XP_013424499	ETS03754.1	Xin	unk
9889	XP_013424499	KFX48586.1	Xin	unk
9890	XP_013424499	OPB44877.1	Xin	unk
9973	KZZ99530	KZZ99530.1	Xin	unk
9974	KZZ99530	EGU75419.1	Xin	unk
9975	KZZ99530	CZR49697.1	Xin	unk
9976	KZZ99530	EXL65836.1	Xin	unk
9977	KZZ99530	RBA12825.1	Xin	unk
9978	KZZ99530	OCK88611.1	Xin	unk
9979	KZZ99530	OCL10292.1	Xin	unk
9980	KZZ99530	XP_024722815.1	Xin	unk
9981	KZZ99530	PQE33429.1	Xin	unk
9982	KZZ99530	XP_001223364.1	Xin	unk
9983	KZZ99530	XP_007824495.1	Xin	unk
9984	KZZ99530	AAS80312.1	Xin	unk
9985	KZZ99530	EXL66944.1	Xin	unk
9986	KZZ99530	KFG86104.1	Xin	unk
9987	KZZ99530	KID84908.1	Xin	unk
9988	KZZ99530	KID95826.1	Xin	unk
9989	KZZ99530	KLU84520.1	Xin	unk
9990	KZZ99530	KLU89688.1	Xin	unk
9991	KZZ99530	KXX74246.1	Xin	unk
9992	KZZ99530	PKK53501.1	Xin	unk
9993	KZZ99530	PNP60690.1	Xin	unk
9994	KZZ99530	XP_006969236.1	Xin	unk
9995	KZZ99530	XP_013940395.1	Xin	unk
9996	KZZ99530	XP_013954844.1	Xin	unk
9997	KZZ99530	XP_014539458.1	Xin	unk
9998	KZZ99530	XP_024748177.1	Xin	unk
9999	KZZ99530	XP_013960592.1	Xin	unk
10000	KZZ99530	XP_024743787.1	Xin	unk
10001	KZZ99530	KIM99074.1	Xin	unk
13584	PVH69802	PVH69802.1	Xin	unk
13585	PVH69802	CCX16767.1	Xin	unk
13586	PVH69802	CCX10850.1	Xin	unk
13587	PVH69802	CCX34027.1	Xin	unk
13588	PVH69802	CEJ90686.1	Xin	unk
13589	PVH69802	CEJ81552.1	Xin	unk
13590	PVH69802	CEL07678.1	Xin	unk
13591	PVH69802	CEO59613.1	Xin	unk
13592	PVH69802	KND85546.1	Xin	unk
13593	PVH69802	CAP67939.1	Xin	unk
13594	PVH69802	EXA31380.1	Xin	unk
13595	PVH69802	EGU88526.1	Xin	unk
13596	PVH69802	EWZ77990.1	Xin	unk
13597	PVH69802	EXL67264.1	Xin	unk
13598	PVH69802	XP_018252061.1	Xin	unk
13599	PVH69802	XP_018252171.1	Xin	unk
13600	PVH69802	XP_018253432.1	Xin	unk
13601	PVH69802	KND87255.1	Xin	unk
13602	PVH69802	XP_007827731.1	Xin	unk
13603	PVH69802	CUS09866.1	Xin	unk
13604	PVH69802	CUS14617.1	Xin	unk
13605	PVH69802	CUS06945.1	Xin	unk
13606	PVH69802	CUS08888.1	Xin	unk
13607	PVH69802	CUS10689.1	Xin	unk
13608	PVH69802	CUS10694.1	Xin	unk
13609	PVH69802	CUS10703.1	Xin	unk
13610	PVH69802	CUS12036.1	Xin	unk
13611	PVH69802	CUS12880.1	Xin	unk
13612	PVH69802	CUS12882.1	Xin	unk
13613	PVH69802	CUS12884.1	Xin	unk
13614	PVH69802	CUS12930.1	Xin	unk
13615	PVH69802	CUS12931.1	Xin	unk
13616	PVH69802	CUS14574.1	Xin	unk
13617	PVH69802	CUS14582.1	Xin	unk
13618	PVH69802	CUS14585.1	Xin	unk
13619	PVH69802	CUS14619.1	Xin	unk
13620	PVH69802	CUS15252.1	Xin	unk
13621	PVH69802	PWW73241.1	Xin	unk
13622	PVH69802	PWW75078.1	Xin	unk
13623	PVH69802	CUS12929.1	Xin	unk
13624	PVH69802	KIJ42504.1	Xin	unk
13625	PVH69802	KIJ30870.1	Xin	unk
13626	PVH69802	KIJ42474.1	Xin	unk
13627	PVH69802	KIJ42477.1	Xin	unk
13628	PVH69802	KIJ43577.1	Xin	unk
13629	PVH69802	KIJ43594.1	Xin	unk
13630	PVH69802	EGN91697.1	Xin	unk
13631	PVH69802	EGN97177.1	Xin	unk
13632	PVH69802	EGN97633.1	Xin	unk
13633	PVH69802	EGN97635.1	Xin	unk
13634	PVH69802	EGN99623.1	Xin	unk
13635	PVH69802	ELA25911.1	Xin	unk
13636	PVH69802	ELR06475.1	Xin	unk
13637	PVH69802	XP_024324145.1	Xin	unk
13638	PVH69802	OCH90532.1	Xin	unk
13639	PVH69802	OCK76482.1	Xin	unk
13640	PVH69802	PWO06258.1	Xin	unk
13641	PVH69802	PWO27224.1	Xin	unk
13642	PVH69802	PZC87924.1	Xin	unk
13643	PVH69802	PZC93837.1	Xin	unk
13644	PVH69802	PWW74651.1	Xin	unk
13645	PVH69802	PWW74655.1	Xin	unk
13646	PVH69802	EMD89384.1	Xin	unk
13647	PVH69802	KID94957.1	Xin	unk
13648	PVH69802	OCK96990.1	Xin	unk
13649	PVH69802	EPS41921.1	Xin	unk
13650	PVH69802	EXL99217.1	Xin	unk
13651	PVH69802	OCL01946.1	Xin	unk
13652	PVH69802	KIM96802.1	Xin	unk
13653	PVH69802	KIN05222.1	Xin	unk
13654	PVH69802	PMD42296.1	Xin	unk
13655	PVH69802	PWO16323.1	Xin	unk
13656	PVH69802	PZD01391.1	Xin	unk
13657	PVH69802	XP_024738331.1	Xin	unk
13658	PVH69802	PKK52655.1	Xin	unk
13659	PVH69802	XP_013956166.1	Xin	unk
13660	PVH69802	PNP50730.1	Xin	unk
13661	PVH69802	XP_024726696.1	Xin	unk
13662	PVH69802	XP_024754917.1	Xin	unk
13663	PVH69802	EXM16919.1	Xin	unk
13664	PVH69802	EWZ29588.1	Xin	unk
13665	PVH69802	EWZ81554.1	Xin	unk
13666	PVH69802	EXA33905.1	Xin	unk
13667	PVH69802	EXK30750.1	Xin	unk
13668	PVH69802	EXK81697.1	Xin	unk
13669	PVH69802	EXL41659.1	Xin	unk
13670	PVH69802	EXL68906.1	Xin	unk
13671	PVH69802	GAT48758.1	Xin	unk
13672	PVH69802	KDR66337.1	Xin	unk
13673	PVH69802	KIJ94633.1	Xin	unk
13674	PVH69802	KIJ32711.1	Xin	unk
13675	PVH69802	KIJ47972.1	Xin	unk
13676	PVH69802	KIJ55867.1	Xin	unk
13677	PVH69802	KIK56185.1	Xin	unk
13678	PVH69802	KIL62335.1	Xin	unk
13679	PVH69802	KIL59584.1	Xin	unk
13680	PVH69802	KIL58696.1	Xin	unk
13681	PVH69802	KIM27885.1	Xin	unk
13682	PVH69802	KIM82512.1	Xin	unk
13683	PVH69802	KIM87085.1	Xin	unk
13684	PVH69802	KXL45987.1	Xin	unk
13685	PVH69802	KZP07449.1	Xin	unk
13686	PVH69802	KZP13290.1	Xin	unk
13687	PVH69802	KZP09413.1	Xin	unk
13688	PVH69802	KZP09449.1	Xin	unk
13689	PVH69802	KZP10814.1	Xin	unk
13690	PVH69802	KZP10819.1	Xin	unk
13691	PVH69802	KZP12248.1	Xin	unk
13692	PVH69802	KZP12258.1	Xin	unk
13693	PVH69802	KZP13299.1	Xin	unk
13694	PVH69802	KZP20238.1	Xin	unk
13695	PVH69802	KZP27082.1	Xin	unk
13696	PVH69802	KZP12272.1	Xin	unk
13697	PVH69802	KZV58988.1	Xin	unk
13698	PVH69802	OCK74234.1	Xin	unk
13699	PVH69802	KIN08970.1	Xin	unk
13700	PVH69802	OCK75533.1	Xin	unk
13701	PVH69802	XP_001804016.1	Xin	unk
13702	PVH69802	OCK92954.1	Xin	unk
13703	PVH69802	PMD29828.1	Xin	unk
13704	PVH69802	OCL04595.1	Xin	unk
13705	PVH69802	OCL09887.1	Xin	unk
13706	PVH69802	ODM15087.1	Xin	unk
13707	PVH69802	OIW26857.1	Xin	unk
13708	PVH69802	OJJ70224.1	Xin	unk
13709	PVH69802	OTB16284.1	Xin	unk
13710	PVH69802	OWW37291.1	Xin	unk
13711	PVH69802	EHA24880.1	Xin	unk
13712	PVH69802	PHH90729.1	Xin	unk
13713	PVH69802	PMD25602.1	Xin	unk
13714	PVH69802	PMD37695.1	Xin	unk
13715	PVH69802	PQE13449.1	Xin	unk
13716	PVH69802	KIJ69635.1	Xin	unk
13717	PVH69802	PQE24763.1	Xin	unk
13718	PVH69802	PUU80621.1	Xin	unk
13719	PVH69802	PVH70510.1	Xin	unk
13720	PVH69802	PMD38693.1	Xin	unk
13721	PVH69802	PWW80923.1	Xin	unk
13722	PVH69802	XP_003043745.1	Xin	unk
13723	PVH69802	XP_007733714.1	Xin	unk
13724	PVH69802	PIG82806.1	Xin	unk
13725	PVH69802	XP_013428392.1	Xin	unk
13726	PVH69802	XP_013953913.1	Xin	unk
13727	PVH69802	XP_013961676.1	Xin	unk
13728	PVH69802	XP_016603766.1	Xin	unk
13729	PVH69802	KGO74947.1	Xin	unk
13730	PVH69802	KUM58625.1	Xin	unk
13731	PVH69802	KXG49201.1	Xin	unk
13732	PVH69802	XP_018078098.1	Xin	unk
13733	PVH69802	XP_024726030.1	Xin	unk
13734	PVH69802	KKK13576.1	Xin	unk
13735	PVH69802	PVH73760.1	Xin	unk
13736	PVH69802	XP_024735591.1	Xin	unk
13737	PVH69802	XP_024778274.1	Xin	unk
13738	PVH69802	XP_025546011.1	Xin	unk
13739	PVH69802	KIJ42691.1	Xin	unk
13740	PVH69802	XP_001829836.2	Xin	unk
13741	PVH69802	XP_025434683.1	Xin	unk
13742	PVH69802	XP_025443785.1	Xin	unk
15278	XP_003043278	XP_003043278.1	Xin	unk
15279	XP_003043278	XP_025594574.1	Xin	unk
15280	XP_003043278	OBS22845.1	Xin	unk
15281	XP_003043278	EXM20557.1	Xin	unk
15282	XP_003043278	ENH71365.1	Xin	unk
15283	XP_003043278	EXA34295.1	Xin	unk
15284	XP_003043278	EXL67772.1	Xin	unk
15285	XP_003043278	EYB21926.1	Xin	unk
15286	XP_003043278	KIL85861.1	Xin	unk
15287	XP_003043278	PCD24095.1	Xin	unk
15288	XP_003043278	PTD08170.1	Xin	unk
15289	XP_003043278	RBR26189.1	Xin	unk
15290	XP_003043278	RFN53000.1	Xin	unk
15291	XP_003043278	SCB66002.1	Xin	unk
15292	XP_003043278	XP_009259555.1	Xin	unk
15293	XP_003043278	XP_011323062.1	Xin	unk
15294	XP_003043278	KJK68240.1	Xin	unk
15295	XP_003043278	KOC15566.1	Xin	unk
15296	XP_003043278	OOO05645.1	Xin	unk
15297	XP_003043278	PIG79088.1	Xin	unk
15298	XP_003043278	RAQ48568.1	Xin	unk
15299	XP_003043278	RAQ73859.1	Xin	unk
15300	XP_003043278	XP_015411923.1	Xin	unk
15301	XP_003043278	XP_022392077.1	Xin	unk
15302	XP_003043278	XP_024699466.1	Xin	unk
15303	CCO33277	CCO33277.1	SgrT	unk
15304	CCO33277	CCO36921.1	SgrT	unk
15305	CCO33277	CEL61564.1	SgrT	unk
15306	CCO33277	CCO31634.1	SgrT	unk
15307	CCO33277	CCO35634.1	SgrT	unk
15308	CCO33277	CCO33341.1	SgrT	unk
15309	CCO33277	CCO31281.1	SgrT	unk
15310	CCO33277	CCO33343.1	SgrT	unk
15311	CCO33277	CCO33345.1	SgrT	unk
15312	CCO33277	CCO34125.1	SgrT	unk
15313	CCO33277	CCO35298.1	SgrT	unk
15314	CCO33277	CCO35600.1	SgrT	unk
15315	CCO33277	CCO36683.1	SgrT	unk
15316	CCO33277	CCO37030.1	SgrT	unk
15317	CCO33277	CCO37151.1	SgrT	unk
15318	CCO33277	CCO37535.1	SgrT	unk
15319	CCO33277	CEL58720.1	SgrT	unk
15320	CCO33277	ELU44078.1	SgrT	unk
15321	CCO33277	ELU41635.1	SgrT	unk
15322	CCO33277	CEL59095.1	SgrT	unk
15323	CCO33277	KEP45549.1	SgrT	unk
15324	CCO33277	KDR82347.1	SgrT	unk
15325	CCO33277	KZS89476.1	SgrT	unk
16119	EWY82653	EWY82653.1	Xin	unk
16120	EWY82653	CVL01315.1	Xin	unk
16121	EWY82653	CVL08944.1	Xin	unk
16122	EWY82653	CZR46784.1	Xin	unk
16123	EWY82653	EMT67257.1	Xin	unk
16124	EWY82653	ENH74771.1	Xin	unk
16125	EWY82653	EWZ30714.1	Xin	unk
16126	EWY82653	EXA36377.1	Xin	unk
16127	EWY82653	EXL70168.1	Xin	unk
16128	EWY82653	EXM18301.1	Xin	unk
16129	EWY82653	EYB23416.1	Xin	unk
16130	EWY82653	KIL86013.1	Xin	unk
16131	EWY82653	KLO80204.1	Xin	unk
16132	EWY82653	KLP09000.1	Xin	unk
16133	EWY82653	KLP13920.1	Xin	unk
16134	EWY82653	PCD24424.1	Xin	unk
16135	EWY82653	PCD25102.1	Xin	unk
16136	EWY82653	PNP60582.1	Xin	unk
16137	EWY82653	PTD06323.1	Xin	unk
16138	EWY82653	RBA14191.1	Xin	unk
16139	EWY82653	RBR15628.1	Xin	unk
16140	EWY82653	SCO91915.1	Xin	unk
16141	EWY82653	SCV38964.1	Xin	unk
16142	EWY82653	XP_009254699.1	Xin	unk
16143	EWY82653	XP_011325817.1	Xin	unk
16144	EWY82653	XP_018252819.1	Xin	unk
16145	EWY82653	XP_018762257.1	Xin	unk
16146	EWY82653	XP_023434761.1	Xin	unk
19192	KDR76613	KDR76613.1	SgrT	unk
19193	KDR76613	KDR65651.1	SgrT	unk
19194	KDR76613	KDR68995.1	SgrT	unk
19195	KDR76613	KDR67167.1	SgrT	unk
19196	KDR76613	KDR69715.1	SgrT	unk
19197	KDR76613	KDR74700.1	SgrT	unk
19198	KDR76613	KDR74733.1	SgrT	unk
19199	KDR76613	KDR74743.1	SgrT	unk
19200	KDR76613	KDR74793.1	SgrT	unk
19201	KDR76613	KDR74794.1	SgrT	unk
19202	KDR76613	KDR74795.1	SgrT	unk
19203	KDR76613	KDR74797.1	SgrT	unk
19204	KDR76613	KDR74800.1	SgrT	unk
19205	KDR76613	KDR74802.1	SgrT	unk
19206	KDR76613	KDR74804.1	SgrT	unk
19207	KDR76613	KDR74805.1	SgrT	unk
19208	KDR76613	KDR76646.1	SgrT	unk
19209	KDR76613	KDR79540.1	SgrT	unk
19210	KDR76613	KDR67314.1	SgrT	unk
19211	KDR76613	KDR66259.1	SgrT	unk
19212	KDR76613	KDR67301.1	SgrT	unk
19213	KDR76613	KDR76677.1	SgrT	unk
19214	KDR76613	KDR68249.1	SgrT	unk
19215	KDR76613	PPQ87785.1	SgrT	unk
19216	KDR76613	KDR68254.1	SgrT	unk
19217	KDR76613	KDR69397.1	SgrT	unk
19218	KDR76613	KDR66738.1	SgrT	unk
19219	KDR76613	KDR67110.1	SgrT	unk
19220	KDR76613	KDR67161.1	SgrT	unk
19221	KDR76613	KDR67172.1	SgrT	unk
19222	KDR76613	KDR67212.1	SgrT	unk
19223	KDR76613	KDR67214.1	SgrT	unk
19224	KDR76613	KDR69724.1	SgrT	unk
19225	KDR76613	KDR74708.1	SgrT	unk
19226	KDR76613	KDR70127.1	SgrT	unk
19227	KDR76613	KDR71163.1	SgrT	unk
19228	KDR76613	KDR68049.1	SgrT	unk
19229	KDR76613	KDR68054.1	SgrT	unk
19230	KDR76613	KDR71194.1	SgrT	unk
19231	KDR76613	KDR71196.1	SgrT	unk
19232	KDR76613	KDR71817.1	SgrT	unk
19233	KDR76613	KDR74803.1	SgrT	unk
19234	KDR76613	KDR74798.1	SgrT	unk
19235	KDR76613	KDR74801.1	SgrT	unk
19236	KDR76613	KDR82263.1	SgrT	unk
19237	KDR76613	KDR83101.1	SgrT	unk
19238	KDR76613	KDR83290.1	SgrT	unk
19239	KDR76613	KDR84696.1	SgrT	unk
19240	KDR76613	KIM39364.1	SgrT	unk
19241	KDR76613	KIM44199.1	SgrT	unk
19242	KDR76613	KJA14004.1	SgrT	unk
19243	KDR76613	KJA20943.1	SgrT	unk
19244	KDR76613	KIM46820.1	SgrT	unk
19245	KDR76613	KJA25222.1	SgrT	unk
19246	KDR76613	KJA20950.1	SgrT	unk
19247	KDR76613	KJA20991.1	SgrT	unk
19248	KDR76613	PPQ82753.1	SgrT	unk
19249	KDR76613	PPQ81665.1	SgrT	unk
19250	KDR76613	PPQ87302.1	SgrT	unk
19251	KDR76613	PPQ88930.1	SgrT	unk
19252	KDR76613	PPQ90080.1	SgrT	unk
19253	KDR76613	PPQ90206.1	SgrT	unk
19254	KDR76613	PPQ90592.1	SgrT	unk
19255	KDR76613	PPQ90663.1	SgrT	unk
19256	KDR76613	PPQ92449.1	SgrT	unk
19257	KDR76613	PPQ92645.1	SgrT	unk
19258	KDR76613	PPQ94568.1	SgrT	unk
19259	KDR76613	PPQ94569.1	SgrT	unk
19260	KDR76613	PPQ94571.1	SgrT	unk
19261	KDR76613	PPQ82971.1	SgrT	unk
19262	KDR76613	PPQ88405.1	SgrT	unk
19263	KDR76613	PPQ85002.1	SgrT	unk
19264	KDR76613	PPQ93364.1	SgrT	unk
19869	XP_007271441	XP_007271441.1	DUF2856	unk
19870	XP_007271441	KIL54414.1	DUF2856	unk
19871	XP_007271441	KIL58498.1	DUF2856	unk
19872	XP_007271441	KIL62841.1	DUF2856	unk
19873	XP_007271441	KIL67484.1	DUF2856	unk
19874	XP_007271441	KIL60019.1	DUF2856	unk
19875	XP_007271441	KIL54813.1	DUF2856	unk
19876	XP_007271441	KIL56207.1	DUF2856	unk
19877	XP_007271441	KIL60000.1	DUF2856	unk
19878	XP_007271441	KIL64309.1	DUF2856	unk
19879	XP_007271441	KIM91765.1	DUF2856	unk
19880	XP_007271441	KZP28027.1	DUF2856	unk
19881	XP_007271441	KZP18415.1	DUF2856	unk
19882	XP_007271441	KZP04287.1	DUF2856	unk
19883	XP_007271441	XP_007264511.1	DUF2856	unk
19884	XP_007271441	XP_007264594.1	DUF2856	unk
19885	XP_007271441	KZP08098.1	DUF2856	unk
19886	XP_007271441	XP_007271259.1	DUF2856	unk
19887	XP_007271441	XP_007271269.1	DUF2856	unk
19888	XP_007271441	XP_007271279.1	DUF2856	unk
19889	XP_007271441	KIM73271.1	DUF2856	unk
19890	XP_007271441	KIM71121.1	DUF2856	unk
19891	XP_007271441	KIM73294.1	DUF2856	unk
19892	XP_007271441	KIM74146.1	DUF2856	unk
19893	XP_007271441	KIM76284.1	DUF2856	unk
19894	XP_007271441	KIM83472.1	DUF2856	unk
19895	XP_007271441	KIM85081.1	DUF2856	unk
19896	XP_007271441	KIM85744.1	DUF2856	unk
19897	XP_007271441	KIM88338.1	DUF2856	unk
19898	XP_007271441	KIM90352.1	DUF2856	unk
19899	XP_007271441	KIM77833.1	DUF2856	unk
19900	XP_007271441	KIM82227.1	DUF2856	unk
19901	XP_007271441	KIM86662.1	DUF2856	unk
19902	XP_007271441	XP_007262392.1	DUF2856	unk
19903	XP_007271441	XP_007262570.1	DUF2856	unk
19904	XP_007271441	XP_007264500.1	DUF2856	unk
19905	XP_007271441	XP_007264858.1	DUF2856	unk
19906	XP_007271441	KDQ09232.1	DUF2856	unk
19907	XP_007271441	KDQ06464.1	DUF2856	unk
19908	XP_007271441	KDQ09528.1	DUF2856	unk
19909	XP_007271441	KIK16407.1	DUF2856	unk
19910	XP_007271441	KIK18248.1	DUF2856	unk
19911	XP_007271441	KIM59838.1	DUF2856	unk
19912	XP_007271441	KIL65064.1	DUF2856	unk
19913	XP_007271441	KIN98727.1	DUF2856	unk
19914	XP_007271441	KIK24687.1	DUF2856	unk
19915	XP_007271441	KIN95017.1	DUF2856	unk
19916	XP_007271441	KIN97133.1	DUF2856	unk
19917	XP_007271441	KIO03231.1	DUF2856	unk
19918	XP_007271441	KIM65457.1	DUF2856	unk
19919	XP_007271441	KIO00058.1	DUF2856	unk
19920	XP_007271441	KIN99124.1	DUF2856	unk
19921	XP_007271441	KIO01495.1	DUF2856	unk
19922	XP_007271441	KIO04360.1	DUF2856	unk
19923	XP_007271441	KIO06391.1	DUF2856	unk
20908	PLN83593	PLN83593.1	Xin	unk
20909	PLN83593	PMD47847.1	Xin	unk
20910	PLN83593	XP_001209574.1	Xin	unk
20911	PLN83593	XP_024675076.1	Xin	unk
20912	PLN83593	RFU35068.1	Xin	unk
20913	PLN83593	XP_025471291.1	Xin	unk
20914	PLN83593	CDP25862.1	Xin	unk
20915	PLN83593	CVK97409.1	Xin	unk
20916	PLN83593	APA11700.1	Xin	unk
20917	PLN83593	CVL01620.1	Xin	unk
20918	PLN83593	CZR46565.1	Xin	unk
20919	PLN83593	CZR55172.1	Xin	unk
20920	PLN83593	EGU80155.1	Xin	unk
20921	PLN83593	EMR90436.1	Xin	unk
20922	PLN83593	EMT66487.1	Xin	unk
20923	PLN83593	ENH63144.1	Xin	unk
20924	PLN83593	EWZ00976.1	Xin	unk
20925	PLN83593	EWZ47007.1	Xin	unk
20926	PLN83593	EWZ82177.1	Xin	unk
20927	PLN83593	EXA43414.1	Xin	unk
20928	PLN83593	EXK91742.1	Xin	unk
20929	PLN83593	EXL46894.1	Xin	unk
20930	PLN83593	EXL78077.1	Xin	unk
20931	PLN83593	EXM15563.1	Xin	unk
20932	PLN83593	KEY64267.1	Xin	unk
20933	PLN83593	KFA47254.1	Xin	unk
20934	PLN83593	KFA77511.1	Xin	unk
20935	PLN83593	KIL90692.1	Xin	unk
20936	PLN83593	KIM93693.1	Xin	unk
20937	PLN83593	KLO80440.1	Xin	unk
20938	PLN83593	KLP07762.1	Xin	unk
20939	PLN83593	KLP13254.1	Xin	unk
20940	PLN83593	OBS28294.1	Xin	unk
20941	PLN83593	OIW33037.1	Xin	unk
20942	PLN83593	PCD42399.1	Xin	unk
20943	PLN83593	PMD29241.1	Xin	unk
20944	PLN83593	PNP74758.1	Xin	unk
20945	PLN83593	PQE04861.1	Xin	unk
20946	PLN83593	PQE32944.1	Xin	unk
20947	PLN83593	RBA14000.1	Xin	unk
20948	PLN83593	RBQ75701.1	Xin	unk
20949	PLN83593	RBR01582.1	Xin	unk
20950	PLN83593	RBR21053.1	Xin	unk
20951	PLN83593	RBR24368.1	Xin	unk
20952	PLN83593	RDL31844.1	Xin	unk
20953	PLN83593	RDL32415.1	Xin	unk
20954	PLN83593	RDW73411.1	Xin	unk
20955	PLN83593	RFN41208.1	Xin	unk
20956	PLN83593	RFU29562.1	Xin	unk
20957	PLN83593	RFU30691.1	Xin	unk
20958	PLN83593	SCO15288.1	Xin	unk
20959	PLN83593	SCO40146.1	Xin	unk
20960	PLN83593	SCO81324.1	Xin	unk
20961	PLN83593	SCV37980.1	Xin	unk
20962	PLN83593	SCV58885.1	Xin	unk
20963	PLN83593	XP_001593740.1	Xin	unk
20964	PLN83593	XP_007785451.1	Xin	unk
20965	PLN83593	XP_018064364.1	Xin	unk
20966	PLN83593	XP_018078526.1	Xin	unk
20967	PLN83593	XP_018238660.1	Xin	unk
20968	PLN83593	XP_018753177.1	Xin	unk
20969	PLN83593	XP_020119697.1	Xin	unk
20970	PLN83593	XP_023434529.1	Xin	unk
20971	PLN83593	XP_024550730.1	Xin	unk
20972	PLN83593	XP_024741552.1	Xin	unk
20973	PLN83593	XP_025589813.1	Xin	unk
20974	PLN83593	KIA75902.1	Xin	unk
20975	PLN83593	CEN60901.1	Xin	unk
20976	PLN83593	PYI03525.1	Xin	unk
20977	PLN83593	RDW65756.1	Xin	unk
20978	PLN83593	XP_002150299.1	Xin	unk
20979	PLN83593	KFX43638.1	Xin	unk
20980	PLN83593	XP_013325437.1	Xin	unk
20981	PLN83593	XP_018164952.1	Xin	unk
20982	PLN83593	XP_024553437.1	Xin	unk
20983	PLN83593	EMR82006.1	Xin	unk
20984	PLN83593	XP_024699411.1	Xin	unk
